country,atk_Armed Assault,atk_Assassination,atk_Bombing/Explosion,atk_Facility/Infrastructure Attack,atk_Hijacking,atk_Hostage Taking (Barricade Incident),atk_Hostage Taking (Kidnapping),atk_Unarmed Assault,atk_Unknown,tgt_Abortion Related,tgt_Airports & Aircraft,tgt_Business,tgt_Educational Institution,tgt_Food or Water Supply,tgt_Government (Diplomatic),tgt_Government (General),tgt_Journalists & Media,tgt_Maritime,tgt_Military,tgt_NGO,tgt_Other,tgt_Police,tgt_Private Citizens & Property,tgt_Religious Figures/Institutions,tgt_Telecommunication,tgt_Terrorists/Non-State Militia,tgt_Tourists,tgt_Transportation,tgt_Unknown,tgt_Utilities,tgt_Violent Political Party,suicide_rate,lethality_rate,mean_severity,incidents,cluster,pc1,pc2
Afghanistan,0.22598381902442857,0.07493519754928914,0.49053491477495875,0.027884690911947216,0.0012567748016652266,0.00212080747781007,0.0794124577802215,0.005734035032597597,0.09213730264708192,0.0,0.005027099206660906,0.03644646924829157,0.025528238158824917,0.0010996779514570734,0.011860812190715575,0.12771973921922866,0.006283874008326133,0.0,0.17830492498625403,0.012410651166444112,0.0006283874008326133,0.2794752965203048,0.20626816432330533,0.018223234624145785,0.005498389757285367,0.009347262587385123,0.00031419370041630665,0.011703715340507423,0.05938260937868196,0.0029848401539549134,0.0014924200769774567,0.09645746602780614,0.6838425889560914,4.832495483465556,12731,2,2.434524656922178,2.612561825131751
Albania,0.1375,0.175,0.6,0.0125,0.0,0.0,0.025,0.025,0.025,0.0,0.0,0.075,0.025,0.0,0.0375,0.375,0.05,0.0,0.0125,0.0125,0.0,0.125,0.1375,0.0125,0.0,0.0,0.0,0.075,0.05,0.0125,0.0,0.0,0.25,1.3125,80,2,-2.0956895135453095,1.5321500823347733
Algeria,0.33284724753919065,0.15712723295661685,0.3966460080204156,0.01932191031717098,0.0032810791104629965,0.0014582573824279985,0.035362741523878964,0.0003645643456069996,0.05359095880422895,0.0,0.006197593875318994,0.06562158220925994,0.024425811155668976,0.0007291286912139992,0.006562158220925993,0.06306963179001093,0.025519504192489974,0.0007291286912139992,0.14910681735326284,0.0003645643456069996,0.001093693036820999,0.20634341961356178,0.32847247539190666,0.011666059059423988,0.007291286912139993,0.01093693036820999,0.007291286912139993,0.04046664236237696,0.03025884068538097,0.012759752096244987,0.001093693036820999,0.012030623405030989,0.7098067808968282,5.702150929639081,2743,2,1.9733035985407332,1.921772561919775
Angola,0.24849699398797595,0.056112224448897796,0.5130260521042084,0.03807615230460922,0.0,0.002004008016032064,0.056112224448897796,0.002004008016032064,0.0841683366733467,0.0,0.02404809619238477,0.09619238476953908,0.002004008016032064,0.012024048096192385,0.028056112224448898,0.028056112224448898,0.004008016032064128,0.004008016032064128,0.06212424849699399,0.014028056112224449,0.0,0.026052104208416832,0.27655310621242485,0.012024048096192385,0.0,0.0,0.0,0.03406813627254509,0.002004008016032064,0.3587174348697395,0.01603206412825651,0.0,0.4248496993987976,8.55811623246493,499,2,1.107392879592455,-0.5797698659945784
Argentina,0.10797546012269939,0.16809815950920245,0.5558282208588957,0.04785276073619632,0.001226993865030675,0.006134969325153374,0.08834355828220859,0.008588957055214725,0.015950920245398775,0.001226993865030675,0.008588957055214725,0.2907975460122699,0.0196319018404908,0.0,0.051533742331288344,0.20736196319018405,0.04785276073619632,0.0,0.11779141104294479,0.0049079754601227,0.001226993865030675,0.05030674846625767,0.13987730061349693,0.024539877300613498,0.0036809815950920245,0.00245398773006135,0.0,0.018404907975460124,0.0,0.0098159509202454,0.0,0.00245398773006135,0.1460122699386503,1.0644171779141105,815,1,-2.3593671417903033,0.25702515810274124
Australia,0.12280701754385964,0.08771929824561403,0.34210526315789475,0.3333333333333333,0.0,0.02631578947368421,0.0,0.03508771929824561,0.05263157894736842,0.0,0.02631578947368421,0.17543859649122806,0.0,0.0,0.20175438596491227,0.08771929824561403,0.008771929824561403,0.008771929824561403,0.017543859649122806,0.0,0.0,0.09649122807017543,0.11403508771929824,0.20175438596491227,0.0,0.0,0.008771929824561403,0.03508771929824561,0.008771929824561403,0.0,0.008771929824561403,0.008771929824561403,0.14035087719298245,0.6973684210526315,114,1,-2.7283812111703836,-2.118953280816809
Austria,0.09565217391304348,0.12173913043478261,0.46956521739130436,0.22608695652173913,0.017391304347826087,0.008695652173913044,0.017391304347826087,0.017391304347826087,0.02608695652173913,0.0,0.09565217391304348,0.17391304347826086,0.008695652173913044,0.0,0.24347826086956523,0.06086956521739131,0.008695652173913044,0.0,0.0,0.0,0.008695652173913044,0.017391304347826087,0.25217391304347825,0.034782608695652174,0.0,0.0,0.017391304347826087,0.06086956521739131,0.008695652173913044,0.008695652173913044,0.0,0.0,0.12173913043478261,0.808695652173913,115,1,-2.819575521560165,-1.4717179736253112
Bahrain,0.178743961352657,0.014492753623188406,0.5942028985507246,0.18357487922705315,0.0,0.004830917874396135,0.0,0.00966183574879227,0.014492753623188406,0.0,0.004830917874396135,0.15942028985507245,0.04830917874396135,0.0,0.024154589371980676,0.028985507246376812,0.0,0.0,0.024154589371980676,0.0,0.0,0.3719806763285024,0.2028985507246377,0.028985507246376812,0.0,0.0,0.0,0.014492753623188406,0.08695652173913043,0.004830917874396135,0.0,0.0,0.1497584541062802,0.6690821256038647,207,2,-1.323666815093584,3.628518508890373
Bangladesh,0.17718446601941748,0.09951456310679611,0.4799757281553398,0.14320388349514562,0.0012135922330097086,0.00424757281553398,0.030946601941747573,0.007281553398058253,0.05643203883495146,0.0,0.0024271844660194173,0.054004854368932036,0.0703883495145631,0.0,0.0054611650485436895,0.18810679611650485,0.016383495145631068,0.007888349514563107,0.012135922330097087,0.0036407766990291263,0.0,0.07766990291262135,0.2536407766990291,0.041868932038834954,0.0006067961165048543,0.012742718446601941,0.0,0.08070388349514564,0.05521844660194175,0.0006067961165048543,0.11650485436893204,0.007888349514563107,0.279126213592233,3.2503033980582523,1648,2,-0.5587435525563724,2.0560717536043702
Belgium,0.09740259740259741,0.16233766233766234,0.42857142857142855,0.15584415584415584,0.006493506493506494,0.006493506493506494,0.025974025974025976,0.07792207792207792,0.03896103896103896,0.0,0.09740259740259741,0.24025974025974026,0.01948051948051948,0.0,0.2077922077922078,0.11038961038961038,0.0,0.0,0.045454545454545456,0.03896103896103896,0.0,0.05194805194805195,0.07792207792207792,0.05844155844155844,0.006493506493506494,0.006493506493506494,0.006493506493506494,0.012987012987012988,0.0,0.01948051948051948,0.0,0.01948051948051948,0.18831168831168832,2.188311688311688,154,1,-2.864198585480983,-2.8782157607519068
Bolivia,0.044585987261146494,0.08598726114649681,0.7547770700636943,0.028662420382165606,0.0,0.022292993630573247,0.03503184713375796,0.0,0.028662420382165606,0.0,0.01592356687898089,0.12420382165605096,0.03184713375796178,0.0031847133757961785,0.0732484076433121,0.23885350318471338,0.09554140127388536,0.0,0.041401273885350316,0.006369426751592357,0.0,0.01910828025477707,0.1624203821656051,0.03184713375796178,0.01910828025477707,0.0,0.0,0.028662420382165606,0.0,0.09235668789808917,0.01592356687898089,0.0,0.08280254777070063,0.3980891719745223,314,1,-3.098052632496922,-0.19765694038637693
Bosnia-Herzegovina,0.1949685534591195,0.06918238993710692,0.6540880503144654,0.03773584905660377,0.0,0.006289308176100629,0.006289308176100629,0.018867924528301886,0.012578616352201259,0.0,0.0,0.031446540880503145,0.012578616352201259,0.0,0.18238993710691823,0.0880503144654088,0.050314465408805034,0.0,0.06289308176100629,0.025157232704402517,0.0,0.06918238993710692,0.22641509433962265,0.13836477987421383,0.006289308176100629,0.006289308176100629,0.0,0.0440251572327044,0.0440251572327044,0.012578616352201259,0.0,0.0,0.18238993710691823,0.9685534591194969,159,2,-0.962739811153547,0.13987014678664839
Brazil,0.18315018315018314,0.2454212454212454,0.23809523809523808,0.07326007326007326,0.01098901098901099,0.01098901098901099,0.16117216117216118,0.014652014652014652,0.06227106227106227,0.0,0.02564102564102564,0.22344322344322345,0.003663003663003663,0.0,0.08058608058608059,0.15384615384615385,0.12454212454212454,0.0,0.03296703296703297,0.029304029304029304,0.0,0.03296703296703297,0.1684981684981685,0.03296703296703297,0.003663003663003663,0.0,0.003663003663003663,0.040293040293040296,0.03663003663003663,0.0,0.007326007326007326,0.0,0.31868131868131866,1.0366300366300367,273,1,-1.2622173992875478,-2.2477050492814157
Bulgaria,0.0,0.17307692307692307,0.6153846153846154,0.07692307692307693,0.019230769230769232,0.0,0.019230769230769232,0.07692307692307693,0.019230769230769232,0.0,0.057692307692307696,0.17307692307692307,0.019230769230769232,0.0,0.11538461538461539,0.2692307692307692,0.07692307692307693,0.0,0.0,0.019230769230769232,0.0,0.057692307692307696,0.09615384615384616,0.038461538461538464,0.0,0.0,0.019230769230769232,0.038461538461538464,0.019230769230769232,0.0,0.0,0.019230769230769232,0.28846153846153844,0.8846153846153846,52,1,-3.725181977226566,-1.2636963947990345
Burkina Faso,0.4423076923076923,0.09615384615384616,0.09615384615384616,0.057692307692307696,0.0,0.057692307692307696,0.1346153846153846,0.0,0.11538461538461539,0.0,0.0,0.11538461538461539,0.11538461538461539,0.0,0.0,0.1346153846153846,0.019230769230769232,0.0,0.19230769230769232,0.0,0.0,0.21153846153846154,0.19230769230769232,0.019230769230769232,0.0,0.0,0.0,0.0,0.0,0.0,0.0,0.0,0.5961538461538461,4.6826923076923075,52,2,1.8691698213948742,-0.38746873053609965
Burundi,0.3817292006525285,0.07830342577487764,0.34094616639477976,0.07830342577487764,0.0016313213703099511,0.0016313213703099511,0.026101141924959218,0.0,0.09135399673735727,0.0,0.0016313213703099511,0.07504078303425775,0.0799347471451876,0.0,0.01468189233278956,0.08809135399673736,0.0065252854812398045,0.0032626427406199023,0.11745513866231648,0.02773246329526917,0.0,0.09135399673735727,0.36867862969004894,0.022838499184339316,0.0,0.0,0.0032626427406199023,0.040783034257748776,0.02773246329526917,0.0065252854812398045,0.024469820554649267,0.0,0.634584013050571,8.861337683523654,613,2,2.630807234631816,0.665001095210255
Cambodia,0.23938223938223938,0.10038610038610038,0.4594594594594595,0.015444015444015444,0.003861003861003861,0.007722007722007722,0.08494208494208494,0.007722007722007722,0.08108108108108109,0.0,0.003861003861003861,0.06563706563706563,0.0,0.0,0.1274131274131274,0.09266409266409266,0.06563706563706563,0.011583011583011582,0.06563706563706563,0.011583011583011582,0.0,0.015444015444015444,0.2471042471042471,0.007722007722007722,0.003861003861003861,0.007722007722007722,0.019305019305019305,0.22007722007722008,0.0,0.0,0.03474903474903475,0.0,0.33204633204633205,3.613899613899614,259,2,0.24822828044784256,-1.3403250594173006
Cameroon,0.1927710843373494,0.015060240963855422,0.3644578313253012,0.060240963855421686,0.009036144578313253,0.006024096385542169,0.17771084337349397,0.0,0.1746987951807229,0.0,0.0,0.03614457831325301,0.012048192771084338,0.0030120481927710845,0.009036144578313253,0.03614457831325301,0.0030120481927710845,0.009036144578313253,0.1686746987951807,0.0,0.0,0.06626506024096386,0.5120481927710844,0.0572289156626506,0.0,0.015060240963855422,0.0030120481927710845,0.012048192771084338,0.0572289156626506,0.0,0.0,0.26506024096385544,0.7228915662650602,8.670180722891565,332,0,5.446158860258229,1.195029691524035
Canada,0.11458333333333333,0.09375,0.4270833333333333,0.23958333333333334,0.0,0.010416666666666666,0.020833333333333332,0.08333333333333333,0.010416666666666666,0.052083333333333336,0.010416666666666666,0.11458333333333333,0.03125,0.010416666666666666,0.13541666666666666,0.08333333333333333,0.041666666666666664,0.0,0.041666666666666664,0.010416666666666666,0.0,0.03125,0.16666666666666666,0.125,0.0,0.0,0.0,0.03125,0.010416666666666666,0.10416666666666667,0.0,0.010416666666666666,0.14583333333333334,4.5625,96,1,-2.7548082063068815,-1.9027309658151617
Central African Republic,0.519434628975265,0.04240282685512368,0.07420494699646643,0.014134275618374558,0.0035335689045936395,0.0176678445229682,0.21201413427561838,0.007067137809187279,0.10954063604240283,0.0,0.0,0.02120141342756184,0.0,0.0,0.19434628975265017,0.0636042402826855,0.014134275618374558,0.0,0.0636042402826855,0.04946996466431095,0.0035335689045936395,0.028268551236749116,0.4911660777385159,0.045936395759717315,0.0,0.014134275618374558,0.0,0.007067137809187279,0.0,0.0,0.0035335689045936395,0.0,0.657243816254417,8.696113074204947,283,0,4.839152121342978,-3.1660498631859473
Chad,0.42857142857142855,0.01098901098901099,0.25274725274725274,0.03296703296703297,0.01098901098901099,0.01098901098901099,0.10989010989010989,0.0,0.14285714285714285,0.0,0.02197802197802198,0.054945054945054944,0.0,0.0,0.054945054945054944,0.06593406593406594,0.0,0.0,0.21978021978021978,0.04395604395604396,0.0,0.06593406593406594,0.43956043956043955,0.0,0.0,0.01098901098901099,0.01098901098901099,0.01098901098901099,0.0,0.0,0.0,0.16483516483516483,0.6373626373626373,21.532967032967033,91,0,6.257863292422716,-1.7055935316530582
Chile,0.10274841437632136,0.037209302325581395,0.7501057082452431,0.06807610993657505,0.0021141649048625794,0.014799154334038054,0.008456659619450317,0.002959830866807611,0.013530655391120507,0.0,0.0021141649048625794,0.21268498942917546,0.021141649048625793,0.0038054968287526427,0.01733615221987315,0.10486257928118393,0.03509513742071882,0.0008456659619450317,0.02748414376321353,0.0016913319238900633,0.0,0.09556025369978859,0.09429175475687103,0.06046511627906977,0.008033826638477801,0.0,0.0008456659619450317,0.10866807610993658,0.0021141649048625794,0.19534883720930232,0.007610993657505285,0.0,0.06511627906976744,0.25602536997885833,2365,1,-2.807684428934322,0.8525469416723872
China,0.17857142857142858,0.051587301587301584,0.623015873015873,0.027777777777777776,0.051587301587301584,0.0,0.023809523809523808,0.023809523809523808,0.01984126984126984,0.0,0.051587301587301584,0.12301587301587301,0.015873015873015872,0.0,0.011904761904761904,0.07539682539682539,0.007936507936507936,0.0,0.007936507936507936,0.0,0.0,0.15873015873015872,0.1865079365079365,0.003968253968253968,0.0,0.0,0.007936507936507936,0.3253968253968254,0.01984126984126984,0.003968253968253968,0.0,0.06746031746031746,0.45634920634920634,7.654761904761905,252,2,-0.37394043437101915,0.6744980859776676
Colombia,0.2374187334457019,0.16169034432940044,0.37659523236214787,0.03310859619552131,0.003973031543462557,0.01071514567782326,0.1273777991813147,0.0016855285335901757,0.04743558873103781,0.0,0.00842764266795088,0.16132915964363112,0.013243438478208525,0.001805923428846617,0.010353960992053936,0.1398988682879846,0.023597399470262462,0.0013243438478208523,0.12075607994221045,0.0031302672766674693,0.0,0.1376113652781122,0.19034432940043342,0.013243438478208525,0.006140139658078497,0.004695400915001204,0.0021671081146159405,0.05646520587527089,0.014206597640260053,0.0910185408138695,0.00024078979051288225,0.0004815795810257645,0.43077293522754634,2.391283409583434,8306,2,0.07183467422439917,0.3839651729462796
Costa Rica,0.23880597014925373,0.05970149253731343,0.5223880597014925,0.014925373134328358,0.014925373134328358,0.014925373134328358,0.08955223880597014,0.0,0.04477611940298507,0.0,0.07462686567164178,0.13432835820895522,0.029850746268656716,0.0,0.2537313432835821,0.16417910447761194,0.11940298507462686,0.014925373134328358,0.04477611940298507,0.0,0.0,0.05970149253731343,0.029850746268656716,0.0,0.0,0.014925373134328358,0.014925373134328358,0.0,0.014925373134328358,0.029850746268656716,0.0,0.0,0.13432835820895522,0.5373134328358209,67,1,-2.7176668211965533,-1.9385932443506053
Croatia,0.22807017543859648,0.03508771929824561,0.7192982456140351,0.0,0.0,0.0,0.0,0.0,0.017543859649122806,0.0,0.0,0.08771929824561403,0.03508771929824561,0.0,0.10526315789473684,0.07017543859649122,0.0,0.0,0.07017543859649122,0.0,0.0,0.24561403508771928,0.22807017543859648,0.10526315789473684,0.0,0.0,0.0,0.05263157894736842,0.0,0.0,0.0,0.017543859649122806,0.2982456140350877,4.991228070175438,57,2,-0.0816490770234059,2.1124758290044228
Cyprus,0.06060606060606061,0.20454545454545456,0.6818181818181818,0.022727272727272728,0.015151515151515152,0.0,0.015151515151515152,0.0,0.0,0.0,0.08333333333333333,0.18181818181818182,0.007575757575757576,0.0,0.09090909090909091,0.16666666666666666,0.06818181818181818,0.007575757575757576,0.06060606060606061,0.0,0.0,0.06818181818181818,0.17424242424242425,0.03787878787878788,0.0,0.045454545454545456,0.0,0.0,0.007575757575757576,0.0,0.0,0.0,0.15151515151515152,0.4962121212121212,132,1,-3.056638126973603,0.7112145732182755
Democratic Republic of the Congo,0.4038709677419355,0.015483870967741935,0.03483870967741935,0.06838709677419355,0.0012903225806451613,0.00903225806451613,0.27741935483870966,0.0,0.1896774193548387,0.0,0.011612903225806452,0.01935483870967742,0.0012903225806451613,0.0,0.05548387096774193,0.05032258064516129,0.016774193548387096,0.0,0.1870967741935484,0.02838709677419355,0.0,0.0567741935483871,0.5483870967741935,0.014193548387096775,0.0,0.0025806451612903226,0.0012903225806451613,0.005161290322580645,0.0,0.0012903225806451613,0.0,0.0,0.5690322580645162,6.133548387096774,775,0,5.190640725917049,-2.548090948073833
Dominican Republic,0.15555555555555556,0.1,0.6,0.044444444444444446,0.0,0.011111111111111112,0.05555555555555555,0.011111111111111112,0.022222222222222223,0.0,0.0,0.13333333333333333,0.03333333333333333,0.0,0.044444444444444446,0.2111111111111111,0.03333333333333333,0.0,0.011111111111111112,0.0,0.0,0.13333333333333333,0.3333333333333333,0.022222222222222223,0.0,0.0,0.0,0.03333333333333333,0.011111111111111112,0.0,0.0,0.0,0.24444444444444444,1.0666666666666667,90,2,-1.2606113539765953,1.2230338256287585
Ecuador,0.1590909090909091,0.12272727272727273,0.4863636363636364,0.04090909090909091,0.004545454545454545,0.03636363636363636,0.1,0.0,0.05,0.0,0.004545454545454545,0.13636363636363635,0.022727272727272728,0.004545454545454545,0.11818181818181818,0.3090909090909091,0.08636363636363636,0.013636363636363636,0.031818181818181815,0.00909090909090909,0.0,0.05909090909090909,0.09090909090909091,0.02727272727272727,0.0,0.0,0.00909090909090909,0.06363636363636363,0.0,0.013636363636363636,0.0,0.0,0.16363636363636364,0.425,220,1,-2.3813363987694105,-1.728329302164966
Egypt,0.31867688584106496,0.10044372730939895,0.47761194029850745,0.03065752319483663,0.005647438483259379,0.002016942315449778,0.03630496167809601,0.0008067769261799112,0.027833803953206938,0.0,0.004437273093989512,0.05687777329568374,0.014118596208148447,0.0024203307785397336,0.008874546187979023,0.040742234772085516,0.005647438483259379,0.0024203307785397336,0.22791448164582492,0.0004033884630899556,0.003227107704719645,0.33965308592174265,0.1036708350141186,0.026220250100847116,0.003630496167809601,0.004033884630899556,0.010891488503428802,0.025413473174667203,0.08511496571198064,0.033481242436466316,0.0008067769261799112,0.02501008471157725,0.4530052440500202,2.5332795482049213,2479,2,1.0414009421836399,3.457185810905091
El Salvador,0.41654135338345866,0.0843984962406015,0.38627819548872183,0.036466165413533834,0.0,0.02199248120300752,0.02894736842105263,0.00018796992481203009,0.02518796992481203,0.0,0.002255639097744361,0.10977443609022557,0.013533834586466165,0.0020676691729323306,0.012030075187969926,0.08458646616541353,0.02406015037593985,0.0,0.2951127819548872,0.0020676691729323306,0.00018796992481203009,0.04530075187969925,0.11710526315789474,0.005451127819548872,0.02218045112781955,0.002443609022556391,0.0,0.05244360902255639,0.007706766917293233,0.19981203007518797,0.0018796992481203006,0.0,0.3011278195488722,2.7413533834586468,5320,2,0.24194974190134413,0.15678709719854567
Ethiopia,0.1736842105263158,0.05789473684210526,0.4105263157894737,0.02631578947368421,0.042105263157894736,0.010526315789473684,0.22105263157894736,0.0,0.05789473684210526,0.0,0.06315789473684211,0.21052631578947367,0.021052631578947368,0.0,0.08421052631578947,0.06315789473684211,0.015789473684210527,0.005263157894736842,0.09473684210526316,0.031578947368421054,0.0,0.05263157894736842,0.19473684210526315,0.015789473684210527,0.0,0.0,0.021052631578947368,0.05789473684210526,0.010526315789473684,0.02631578947368421,0.031578947368421054,0.005263157894736842,0.5368421052631579,12.48421052631579,190,0,1.2755279332345533,-2.640247760496658
France,0.04715930189379874,0.061269959153360566,0.7768288154474564,0.06981062012625325,0.0014853323431117712,0.008911994058670627,0.005941329372447085,0.00928332714444857,0.019309320460453028,0.0,0.023022651318232456,0.29298180467879686,0.009654660230226514,0.0003713330857779428,0.046416635722242854,0.20311919792053473,0.0207946528035648,0.0022279985146676567,0.02227998514667657,0.004084663943557371,0.001856665428889714,0.07575194949870033,0.17823988117341255,0.02525064983290011,0.008540660972892685,0.013739324173783884,0.008540660972892685,0.014110657259561827,0.03750464166357222,0.010025993316004456,0.0014853323431117712,0.0025993316004456,0.07389528406981062,0.6654288897140735,2693,1,-3.0712306742425173,1.337835235130844
Georgia,0.19815668202764977,0.1336405529953917,0.5161290322580645,0.027649769585253458,0.004608294930875576,0.0,0.0967741935483871,0.004608294930875576,0.018433179723502304,0.0,0.004608294930875576,0.03686635944700461,0.013824884792626729,0.0,0.07834101382488479,0.20276497695852536,0.02304147465437788,0.0,0.11981566820276497,0.02304147465437788,0.0,0.16129032258064516,0.15668202764976957,0.0,0.013824884792626729,0.03686635944700461,0.0,0.09216589861751152,0.009216589861751152,0.027649769585253458,0.0,0.0,0.4009216589861751,2.184331797235023,217,2,0.1333637572613288,0.9875515584255512
Germany,0.17006802721088435,0.0380952380952381,0.10884353741496598,0.5564625850340136,0.0027210884353741495,0.0027210884353741495,0.00816326530612245,0.03945578231292517,0.07346938775510205,0.0,0.006802721088435374,0.3687074829931973,0.006802721088435374,0.0027210884353741495,0.04625850340136054,0.07755102040816327,0.006802721088435374,0.0,0.00816326530612245,0.0013605442176870747,0.0,0.04217687074829932,0.32108843537414966,0.05442176870748299,0.0,0.0,0.006802721088435374,0.04353741496598639,0.0027210884353741495,0.004081632653061225,0.0,0.0013605442176870747,0.061224489795918366,0.5789115646258504,735,1,-2.38055117032643,-1.795279631143305
Greece,0.09254901960784313,0.0596078431372549,0.5513725490196079,0.26745098039215687,0.005490196078431373,0.00392156862745098,0.002352941176470588,0.007058823529411765,0.01019607843137255,0.0,0.0196078431372549,0.3129411764705882,0.01411764705882353,0.0,0.10352941176470588,0.2188235294117647,0.027450980392156862,0.002352941176470588,0.04470588235294118,0.006274509803921568,0.000784313725490196,0.07215686274509804,0.1380392156862745,0.008627450980392156,0.002352941176470588,0.001568627450980392,0.01019607843137255,0.008627450980392156,0.000784313725490196,0.001568627450980392,0.005490196078431373,0.0,0.05333333333333334,0.5423529411764706,1275,1,-3.4814080262791998,-0.22940964645428538
Guadeloupe,0.017857142857142856,0.07142857142857142,0.8214285714285714,0.0,0.0,0.0,0.0,0.0,0.08928571428571429,0.0,0.05357142857142857,0.2857142857142857,0.0,0.0,0.0,0.2857142857142857,0.05357142857142857,0.017857142857142856,0.0,0.0,0.0,0.16071428571428573,0.125,0.0,0.0,0.0,0.0,0.0,0.017857142857142856,0.0,0.0,0.0,0.08928571428571429,0.5446428571428571,56,1,-3.3350156947227565,1.187405426204304
Guatemala,0.31609756097560976,0.24878048780487805,0.22146341463414634,0.04829268292682927,0.001951219512195122,0.018048780487804877,0.10341463414634146,0.0004878048780487805,0.041463414634146344,0.0,0.009268292682926829,0.11707317073170732,0.04780487804878049,0.000975609756097561,0.025853658536585365,0.11414634146341464,0.0351219512195122,0.0,0.21414634146341463,0.0034146341463414634,0.0,0.09268292682926829,0.22341463414634147,0.013170731707317073,0.008292682926829269,0.002926829268292683,0.005853658536585366,0.03121951219512195,0.013170731707317073,0.036585365853658534,0.004878048780487805,0.0,0.5097560975609756,2.8207317073170732,2050,2,0.6310899699364433,0.09286463145393858
Haiti,0.24882629107981222,0.3286384976525822,0.17370892018779344,0.107981220657277,0.009389671361502348,0.0,0.04225352112676056,0.028169014084507043,0.06103286384976526,0.0,0.014084507042253521,0.10328638497652583,0.023474178403755867,0.0,0.051643192488262914,0.28169014084507044,0.046948356807511735,0.004694835680751174,0.07042253521126761,0.0,0.0,0.12206572769953052,0.24413145539906103,0.014084507042253521,0.004694835680751174,0.0,0.0,0.009389671361502348,0.004694835680751174,0.004694835680751174,0.0,0.0,0.4507042253521127,2.2816901408450705,213,2,-0.8986533679985178,-0.27139175161437207
Honduras,0.17647058823529413,0.19504643962848298,0.47368421052631576,0.021671826625386997,0.009287925696594427,0.009287925696594427,0.08359133126934984,0.009287925696594427,0.021671826625386997,0.0,0.02476780185758514,0.17647058823529413,0.02476780185758514,0.0,0.09907120743034056,0.18885448916408668,0.03715170278637771,0.0,0.14241486068111456,0.006191950464396285,0.0,0.04643962848297214,0.18575851393188855,0.01238390092879257,0.0030959752321981426,0.009287925696594427,0.0030959752321981426,0.01238390092879257,0.0,0.02786377708978328,0.0,0.0,0.30030959752321984,1.3219814241486068,323,1,-1.323762230073726,-0.22613391586800652
India,0.2662207357859532,0.10275919732441471,0.40342809364548493,0.08327759197324415,0.0035953177257525082,0.0036789297658862876,0.09899665551839465,0.011956521739130435,0.02608695652173913,0.0,0.0023411371237458192,0.09456521739130434,0.02483277591973244,0.001003344481605351,0.001588628762541806,0.14439799331103678,0.007274247491638796,0.00025083612040133777,0.0765886287625418,0.0016722408026755853,0.00016722408026755852,0.19222408026755852,0.262876254180602,0.01789297658862876,0.011622073578595318,0.011956521739130435,0.002508361204013378,0.06948160535117057,0.05,0.0071906354515050164,0.01956521739130435,0.005016722408026756,0.4464046822742475,2.828678929765886,11960,2,0.4398094193236082,1.8140890569127568
Indonesia,0.3219448094612352,0.04730617608409987,0.3771353482260184,0.14323258869908015,0.002628120893561104,0.003942181340341655,0.04862023653088042,0.011826544021024968,0.04336399474375821,0.0,0.003942181340341655,0.12483574244415244,0.024967148488830485,0.002628120893561104,0.035479632063074903,0.09986859395532194,0.01971090670170828,0.003942181340341655,0.08935611038107753,0.013140604467805518,0.0,0.1445466491458607,0.22996057818659657,0.1471747700394218,0.0,0.003942181340341655,0.006570302233902759,0.023653088042049936,0.01576872536136662,0.009198423127463863,0.001314060446780552,0.023653088042049936,0.38370565045992117,3.233245729303548,761,2,0.4461525174163732,0.16506119585274573
Iran,0.15497076023391812,0.18567251461988304,0.5073099415204678,0.05263157894736842,0.013157894736842105,0.005847953216374269,0.029239766081871343,0.0014619883040935672,0.049707602339181284,0.0,0.03654970760233918,0.10964912280701754,0.021929824561403508,0.005847953216374269,0.07748538011695906,0.16228070175438597,0.02631578947368421,0.005847953216374269,0.13742690058479531,0.005847953216374269,0.0,0.10964912280701754,0.13742690058479531,0.06871345029239766,0.0029239766081871343,0.0,0.0029239766081871343,0.03216374269005848,0.007309941520467836,0.049707602339181284,0.0,0.014619883040935672,0.3961988304093567,5.391081871345029,684,2,-0.7843144624358951,-0.08153941831915264
Iraq,0.128064620880013,0.05224062347783731,0.7422471180386426,0.0062510147751258325,0.0005276830654327001,0.000974184120798831,0.03839909076148725,0.00024354603019970775,0.03105211885046274,0.0,0.001298912161065108,0.08572820263029712,0.011000162364020133,0.0010147751258321157,0.005155057639227147,0.08994966715375873,0.007225198895924663,8.118201006656925e-05,0.13528981977593765,0.0011365481409319695,0.0024354603019970775,0.149456080532554,0.3550495210261406,0.026830654327001137,0.0008524111056989771,0.03888618282188667,0.0003653190452995616,0.019158954375710344,0.052200032472804025,0.013679168696216918,0.0032066893976294853,0.1056177950966066,0.6514856307842182,5.923607728527358,24636,2,1.8905408951560632,3.7359287196478452
Ireland,0.08143322475570032,0.1237785016286645,0.5276872964169381,0.20521172638436483,0.003257328990228013,0.003257328990228013,0.04234527687296417,0.013029315960912053,0.0,0.0,0.009771986970684038,0.21498371335504887,0.009771986970684038,0.0,0.009771986970684038,0.04560260586319218,0.003257328990228013,0.003257328990228013,0.013029315960912053,0.0,0.0,0.05537459283387622,0.3713355048859935,0.006514657980456026,0.0,0.035830618892508145,0.0,0.016286644951140065,0.20521172638436483,0.0,0.0,0.0,0.21498371335504887,0.43159609120521175,307,2,-1.2272148290722056,3.818812336500116
Israel,0.13605130554283096,0.09253321117727897,0.6958314246449839,0.038021071919377,0.001374255611543747,0.00320659642693541,0.00961978928080623,0.013742556115437472,0.00961978928080623,0.0,0.0022904260192395786,0.08199725148877691,0.017407237746220796,0.0022904260192395786,0.008703618873110398,0.03664681630783326,0.004580852038479157,0.0009161704076958314,0.13605130554283096,0.0018323408153916628,0.0,0.0320659642693541,0.4961062757672927,0.017865322950068714,0.0004580852038479157,0.0009161704076958314,0.007329363261566651,0.08886852954649564,0.05771873568483738,0.005038937242327073,0.0009161704076958314,0.05955107650022904,0.22766834631241412,2.6000916170407695,2183,2,0.3591865444533632,2.3915561221961448
Italy,0.1450479233226837,0.13099041533546327,0.4325878594249201,0.21533546325878594,0.0038338658146964857,0.012140575079872205,0.04089456869009585,0.007028753993610224,0.012140575079872205,0.0,0.03706070287539936,0.2837060702875399,0.028115015974440896,0.0012779552715654952,0.04664536741214057,0.20063897763578276,0.047284345047923323,0.0,0.042172523961661344,0.0012779552715654952,0.0006389776357827476,0.12843450479233226,0.08881789137380192,0.01597444089456869,0.003194888178913738,0.003194888178913738,0.008306709265175719,0.021725239616613417,0.0076677316293929714,0.012140575079872205,0.021725239616613417,0.0006389776357827476,0.11309904153354633,0.6808306709265176,1565,1,-3.244698208284446,-0.034008702402862766
Ivory Coast,0.581081081081081,0.02702702702702703,0.05405405405405406,0.08108108108108109,0.0,0.013513513513513514,0.08108108108108109,0.013513513513513514,0.14864864864864866,0.0,0.0,0.0945945945945946,0.013513513513513514,0.0,0.06756756756756757,0.12162162162162163,0.02702702702702703,0.0,0.2972972972972973,0.0,0.0,0.0945945945945946,0.17567567567567569,0.04054054054054054,0.0,0.0,0.0,0.013513513513513514,0.0,0.02702702702702703,0.02702702702702703,0.0,0.5405405405405406,4.777027027027027,74,2,2.738867075889682,-1.2057510970734313
Japan,0.11691542288557213,0.05472636815920398,0.31840796019900497,0.40298507462686567,0.007462686567164179,0.007462686567164179,0.0024875621890547263,0.07213930348258707,0.017412935323383085,0.0,0.1044776119402985,0.10199004975124377,0.01990049751243781,0.0024875621890547263,0.0472636815920398,0.1890547263681592,0.02736318407960199,0.0024875621890547263,0.07711442786069651,0.004975124378109453,0.0,0.11194029850746269,0.07711442786069651,0.07711442786069651,0.007462686567164179,0.012437810945273632,0.0,0.12935323383084577,0.0,0.007462686567164179,0.0,0.0,0.05472636815920398,8.868159203980099,402,1,-3.1035289690392025,-1.8205345021351398
Jordan,0.23008849557522124,0.19469026548672566,0.36283185840707965,0.12389380530973451,0.008849557522123894,0.035398230088495575,0.02654867256637168,0.0,0.017699115044247787,0.0,0.008849557522123894,0.17699115044247787,0.02654867256637168,0.0,0.19469026548672566,0.18584070796460178,0.008849557522123894,0.0,0.09734513274336283,0.0,0.0,0.061946902654867256,0.09734513274336283,0.0,0.0,0.017699115044247787,0.07079646017699115,0.0,0.008849557522123894,0.035398230088495575,0.008849557522123894,0.04424778761061947,0.26548672566371684,2.327433628318584,113,1,-1.6319597461191857,-1.4427428999113834
Kenya,0.35431918008784774,0.055636896046852125,0.4055636896046852,0.04538799414348463,0.021961932650073207,0.01903367496339678,0.05856515373352855,0.013177159590043924,0.02635431918008785,0.0,0.008784773060029283,0.11273792093704246,0.021961932650073207,0.004392386530014641,0.014641288433382138,0.09370424597364568,0.0029282576866764276,0.0014641288433382138,0.09809663250366032,0.021961932650073207,0.0014641288433382138,0.24011713030746706,0.22693997071742314,0.06734992679355783,0.01171303074670571,0.0014641288433382138,0.005856515373352855,0.03513909224011713,0.01903367496339678,0.005856515373352855,0.004392386530014641,0.008784773060029283,0.4992679355783309,7.437042459736457,683,2,1.194222130460934,0.14418818726080498
Kosovo,0.2653061224489796,0.05612244897959184,0.5714285714285714,0.061224489795918366,0.0,0.0,0.01020408163265306,0.02040816326530612,0.015306122448979591,0.0,0.00510204081632653,0.10714285714285714,0.015306122448979591,0.0,0.10204081632653061,0.1377551020408163,0.03571428571428571,0.0,0.07142857142857142,0.0,0.0,0.05612244897959184,0.413265306122449,0.03571428571428571,0.0,0.0,0.0,0.015306122448979591,0.00510204081632653,0.0,0.0,0.0,0.23979591836734693,1.3545918367346939,196,2,-0.6031288489735208,0.667965514243093
Kuwait,0.14473684210526316,0.15789473684210525,0.5,0.02631578947368421,0.013157894736842105,0.0,0.05263157894736842,0.02631578947368421,0.07894736842105263,0.0,0.09210526315789473,0.23684210526315788,0.013157894736842105,0.0,0.09210526315789473,0.07894736842105263,0.039473684210526314,0.039473684210526314,0.09210526315789473,0.0,0.0,0.07894736842105263,0.13157894736842105,0.039473684210526314,0.0,0.02631578947368421,0.0,0.0,0.013157894736842105,0.02631578947368421,0.0,0.039473684210526314,0.23684210526315788,2.8026315789473686,76,1,-1.6765867727511357,-0.6944200244781638
Lebanon,0.13518966908797417,0.1400322841000807,0.6210653753026635,0.00645682001614205,0.007263922518159807,0.0012106537530266344,0.07304277643260694,0.002824858757062147,0.0129136400322841,0.0,0.022598870056497175,0.09079903147699758,0.018563357546408393,0.0008071025020177562,0.09200968523002422,0.06820016142050041,0.025020177562550445,0.0020177562550443904,0.2764326069410815,0.005649717514124294,0.0,0.01937046004842615,0.1694915254237288,0.027037933817594836,0.0012106537530266344,0.10008071025020178,0.0012106537530266344,0.009281678773204197,0.024616626311541566,0.002824858757062147,0.042776432606941084,0.026230831315577078,0.3559322033898305,3.8389830508474576,2478,2,0.5228160748548885,2.220106227523734
Libya,0.18319253001333927,0.08759448643841708,0.4255224544241885,0.041351711871943087,0.01067140951534015,0.004891062694530902,0.187638950644731,0.0031124944419742106,0.05602489995553579,0.0,0.017341040462427744,0.0853712761227212,0.017341040462427744,0.0013339261894175188,0.02845709204090707,0.11204979991107158,0.03334815473543797,0.0031124944419742106,0.23610493552690084,0.00755891507336594,0.0017785682525566918,0.07914628723877279,0.246776345042241,0.032458870609159626,0.00044464206313917296,0.0493552690084482,0.00044464206313917296,0.0022232103156958646,0.03023566029346376,0.014228546020453535,0.0008892841262783459,0.048465984882169855,0.39084037349933304,1.8910626945309026,2249,2,1.433609816679026,1.0892471189542228
Macedonia,0.2966101694915254,0.00847457627118644,0.423728813559322,0.13559322033898305,0.0,0.01694915254237288,0.07627118644067797,0.00847457627118644,0.03389830508474576,0.0,0.0,0.0847457627118644,0.00847457627118644,0.0,0.025423728813559324,0.13559322033898305,0.0,0.0,0.09322033898305085,0.0,0.0,0.3474576271186441,0.2033898305084746,0.025423728813559324,0.0,0.0,0.00847457627118644,0.05084745762711865,0.00847457627118644,0.00847457627118644,0.0,0.0,0.1694915254237288,0.6694915254237288,118,2,-0.2016652870850456,1.3314854090870578
Malaysia,0.13131313131313133,0.020202020202020204,0.3838383838383838,0.1919191919191919,0.020202020202020204,0.020202020202020204,0.20202020202020202,0.010101010101010102,0.020202020202020204,0.0,0.050505050505050504,0.12121212121212122,0.0,0.0,0.050505050505050504,0.09090909090909091,0.010101010101010102,0.1111111111111111,0.030303030303030304,0.010101010101010102,0.0,0.08080808080808081,0.25252525252525254,0.06060606060606061,0.0,0.0,0.020202020202020204,0.09090909090909091,0.020202020202020204,0.0,0.0,0.0,0.2727272727272727,2.0454545454545454,99,1,-0.7272849320137819,-2.7158659843210535
Mali,0.303886925795053,0.03356890459363958,0.3586572438162544,0.04240282685512368,0.014134275618374558,0.0176678445229682,0.11837455830388692,0.0035335689045936395,0.10777385159010601,0.0,0.00530035335689046,0.022968197879858657,0.00530035335689046,0.0017667844522968198,0.2226148409893993,0.07950530035335689,0.007067137809187279,0.0035335689045936395,0.3480565371024735,0.026501766784452298,0.0017667844522968198,0.014134275618374558,0.18904593639575973,0.015901060070671377,0.0017667844522968198,0.015901060070671377,0.00530035335689046,0.015901060070671377,0.012367491166077738,0.0,0.00530035335689046,0.05653710247349823,0.558303886925795,3.7279151943462896,566,0,2.7815989727069876,-1.551844742143183
Mexico,0.2919847328244275,0.21564885496183206,0.2099236641221374,0.03625954198473282,0.0019083969465648854,0.007633587786259542,0.19083969465648856,0.007633587786259542,0.03816793893129771,0.0,0.003816793893129771,0.21564885496183206,0.011450381679389313,0.0,0.04198473282442748,0.15076335877862596,0.10687022900763359,0.0019083969465648854,0.03625954198473282,0.009541984732824428,0.0,0.1183206106870229,0.20801526717557253,0.019083969465648856,0.0,0.0,0.003816793893129771,0.03435114503816794,0.0057251908396946565,0.011450381679389313,0.02099236641221374,0.0019083969465648854,0.45610687022900764,2.140267175572519,524,2,-0.21489658821744317,-0.9955648671271956
Mozambique,0.5454545454545454,0.07713498622589532,0.15702479338842976,0.0881542699724518,0.0027548209366391185,0.005509641873278237,0.0743801652892562,0.0027548209366391185,0.046831955922865015,0.0,0.0027548209366391185,0.11019283746556474,0.008264462809917356,0.005509641873278237,0.0027548209366391185,0.07988980716253444,0.013774104683195593,0.005509641873278237,0.10192837465564739,0.008264462809917356,0.0,0.046831955922865015,0.30578512396694213,0.024793388429752067,0.0,0.0,0.0,0.17355371900826447,0.0,0.06060606060606061,0.049586776859504134,0.0,0.5482093663911846,9.559228650137742,363,2,2.379892724697233,-0.7033176221104005
Myanmar,0.20146520146520147,0.023809523809523808,0.5238095238095238,0.0695970695970696,0.005494505494505495,0.0,0.07509157509157509,0.0,0.10073260073260074,0.0,0.003663003663003663,0.09523809523809523,0.009157509157509158,0.0,0.0018315018315018315,0.09523809523809523,0.01282051282051282,0.016483516483516484,0.1282051282051282,0.005494505494505495,0.0018315018315018315,0.12454212454212454,0.24175824175824176,0.08608058608058608,0.003663003663003663,0.016483516483516484,0.003663003663003663,0.09157509157509157,0.0347985347985348,0.027472527472527472,0.0,0.0018315018315018315,0.4267399267399267,3.837912087912088,546,2,1.0660212982476451,1.079131840747403
Namibia,0.12582781456953643,0.1390728476821192,0.5827814569536424,0.019867549668874173,0.0,0.0,0.11258278145695365,0.0,0.019867549668874173,0.0,0.006622516556291391,0.17218543046357615,0.033112582781456956,0.006622516556291391,0.026490066225165563,0.1456953642384106,0.026490066225165563,0.0,0.059602649006622516,0.006622516556291391,0.0,0.06622516556291391,0.3443708609271523,0.0,0.006622516556291391,0.0,0.006622516556291391,0.046357615894039736,0.0,0.033112582781456956,0.013245033112582781,0.0,0.41721854304635764,2.801324503311258,151,2,-0.3802819006059308,0.7165432161090028
Nepal,0.15720164609053497,0.08559670781893004,0.5053497942386831,0.11358024691358025,0.0008230452674897119,0.0016460905349794238,0.09218106995884774,0.006584362139917695,0.037037037037037035,0.0,0.011522633744855968,0.07407407407407407,0.04938271604938271,0.0024691358024691358,0.005761316872427984,0.2288065843621399,0.015637860082304528,0.0,0.019753086419753086,0.006584362139917695,0.0,0.08477366255144032,0.19753086419753085,0.01316872427983539,0.01728395061728395,0.00411522633744856,0.0016460905349794238,0.05925925925925926,0.07654320987654321,0.0024691358024691358,0.12921810699588476,0.0,0.23209876543209876,2.505761316872428,1215,2,-1.0237393639290198,1.92689561732394
Netherlands,0.1,0.1,0.36923076923076925,0.2923076923076923,0.023076923076923078,0.038461538461538464,0.0,0.0,0.07692307692307693,0.0,0.05384615384615385,0.25384615384615383,0.007692307692307693,0.007692307692307693,0.19230769230769232,0.16153846153846155,0.007692307692307693,0.0,0.038461538461538464,0.023076923076923078,0.0,0.015384615384615385,0.09230769230769231,0.07692307692307693,0.007692307692307693,0.0,0.0,0.023076923076923078,0.015384615384615385,0.023076923076923078,0.0,0.0,0.14615384615384616,0.5076923076923077,130,1,-3.015861440895703,-3.239412319088737
Nicaragua,0.6634517766497462,0.05532994923857868,0.14974619289340102,0.025380710659898477,0.0020304568527918783,0.013705583756345178,0.04111675126903553,0.0,0.049238578680203045,0.0,0.0040609137055837565,0.10304568527918782,0.007106598984771574,0.0015228426395939086,0.008121827411167513,0.1050761421319797,0.013705583756345178,0.013705583756345178,0.4969543147208122,0.0025380710659898475,0.0010152284263959391,0.03401015228426396,0.12030456852791878,0.008121827411167513,0.005583756345177665,0.005076142131979695,0.0005076142131979696,0.024873096446700507,0.004568527918781726,0.0350253807106599,0.005076142131979695,0.0,0.41573604060913705,5.819035532994924,1970,2,2.5944697072507186,-0.19230533904714658
Niger,0.45454545454545453,0.025974025974025976,0.16233766233766234,0.05194805194805195,0.0,0.0,0.14285714285714285,0.006493506493506494,0.15584415584415584,0.0,0.006493506493506494,0.032467532467532464,0.0,0.006493506493506494,0.01948051948051948,0.05844155844155844,0.012987012987012988,0.0,0.2662337662337662,0.01948051948051948,0.0,0.12337662337662338,0.38961038961038963,0.006493506493506494,0.006493506493506494,0.0,0.012987012987012988,0.025974025974025976,0.012987012987012988,0.0,0.0,0.07792207792207792,0.7662337662337663,11.103896103896103,154,0,5.304048176738808,-0.8330676026408006
Nigeria,0.4445866393652419,0.052469925774251344,0.2853852060404402,0.06296391092910161,0.002303557716918352,0.0053749680061428206,0.11799334527770668,0.002303557716918352,0.02661888917327873,0.0,0.0005119017148707448,0.07217814179677502,0.032761709751727666,0.0,0.0033273611466598414,0.09905298182748912,0.006910673150755055,0.006910673150755055,0.08523163552597901,0.0010238034297414896,0.0002559508574353724,0.08855899667263885,0.4404914256462759,0.05784489378039417,0.009214230867673407,0.010493985154850269,0.0,0.0148451497312516,0.02661888917327873,0.03608907089838751,0.007678525723061172,0.09956488354235987,0.6634246224724852,7.115817762989506,3907,2,3.0874189770134897,1.1121508521771
Pakistan,0.26858296213808464,0.09785634743875278,0.529858017817372,0.020879732739420936,0.0013223830734966592,0.0024359688195991092,0.05728006681514477,0.00535913140311804,0.016425389755011136,0.0,0.004036748329621381,0.08108296213808464,0.06632795100222717,0.001809576837416481,0.007238307349665924,0.08122216035634744,0.012249443207126948,0.00048719376391982185,0.12040645879732739,0.005567928730512249,0.0004175946547884187,0.13328229398663696,0.24053452115812918,0.0379315144766147,0.0039671492204899775,0.02477728285077951,0.0006959910913140312,0.04781458797327394,0.05769766146993319,0.04426503340757238,0.02818763919821826,0.03556514476614699,0.45886692650334077,3.1208936525612474,14368,2,0.750344140241704,2.840321455975673
Panama,0.11811023622047244,0.08661417322834646,0.5905511811023622,0.10236220472440945,0.023622047244094488,0.0,0.023622047244094488,0.0,0.05511811023622047,0.0,0.06299212598425197,0.2283464566929134,0.023622047244094488,0.007874015748031496,0.06299212598425197,0.2204724409448819,0.031496062992125984,0.0,0.07874015748031496,0.007874015748031496,0.0,0.07086614173228346,0.11023622047244094,0.0,0.0,0.0,0.0,0.007874015748031496,0.015748031496062992,0.06299212598425197,0.007874015748031496,0.007874015748031496,0.13385826771653545,0.6259842519685039,127,1,-2.703303855982407,-0.18113826417985135
Papua New Guinea,0.3707865168539326,0.16853932584269662,0.1348314606741573,0.10112359550561797,0.02247191011235955,0.02247191011235955,0.06741573033707865,0.0,0.11235955056179775,0.0,0.011235955056179775,0.1348314606741573,0.056179775280898875,0.011235955056179775,0.033707865168539325,0.25842696629213485,0.011235955056179775,0.011235955056179775,0.12359550561797752,0.011235955056179775,0.0,0.14606741573033707,0.0898876404494382,0.011235955056179775,0.011235955056179775,0.0,0.0,0.0449438202247191,0.0,0.033707865168539325,0.0,0.0,0.2696629213483146,1.398876404494382,89,2,-0.4175696649935477,-1.3638511539713918
Paraguay,0.23684210526315788,0.12280701754385964,0.14035087719298245,0.14912280701754385,0.017543859649122806,0.03508771929824561,0.18421052631578946,0.08771929824561403,0.02631578947368421,0.0,0.0,0.2631578947368421,0.008771929824561403,0.0,0.02631578947368421,0.09649122807017543,0.03508771929824561,0.0,0.06140350877192982,0.0,0.0,0.15789473684210525,0.16666666666666666,0.0,0.0,0.017543859649122806,0.0,0.12280701754385964,0.0,0.043859649122807015,0.0,0.0,0.2894736842105263,0.8201754385964912,114,1,-1.2884081546170507,-1.7701285874619122
Peru,0.2178477690288714,0.1643700787401575,0.510990813648294,0.03658136482939633,0.0013123359580052493,0.012139107611548556,0.01591207349081365,0.0006561679790026247,0.04019028871391076,0.0,0.006069553805774278,0.19094488188976377,0.02477034120734908,0.008366141732283465,0.019192913385826772,0.1646981627296588,0.02575459317585302,0.0016404199475065617,0.08316929133858268,0.00213254593175853,0.0,0.12450787401574803,0.16929133858267717,0.0073818897637795275,0.009678477690288715,0.00557742782152231,0.0026246719160104987,0.042979002624671914,0.00426509186351706,0.10695538057742782,0.0,0.0,0.36400918635170604,2.429461942257218,6096,2,-1.1509096354394726,0.6958359173839817
Philippines,0.3123914302258251,0.1590909090909091,0.32035321366531555,0.06543138390272148,0.004921829762594094,0.007672264041690793,0.08714533873769542,0.0005790387955993051,0.0424145917776491,0.0,0.0037637521713954833,0.14128546612623047,0.021569195136074117,0.0023161551823972205,0.004632310364794441,0.19195136074116967,0.014620729588882456,0.005935147654892878,0.2274174869716271,0.0033294730746960045,0.0005790387955993051,0.09163288940359005,0.1647365373480023,0.017226404169079328,0.012159814707585408,0.008251302837290099,0.0023161551823972205,0.03126809496236248,0.027070063694267517,0.027793862188766647,0.00014475969889982628,0.0013028372900984366,0.45657209033005214,2.3512594093804284,6908,2,0.35221797896440377,0.6734721012730204
Portugal,0.03571428571428571,0.1357142857142857,0.7357142857142858,0.04285714285714286,0.0,0.0,0.02142857142857143,0.0,0.02857142857142857,0.0,0.03571428571428571,0.17857142857142858,0.014285714285714285,0.0,0.10714285714285714,0.18571428571428572,0.02142857142857143,0.0,0.08571428571428572,0.0,0.0,0.09285714285714286,0.17857142857142858,0.007142857142857143,0.0,0.007142857142857143,0.007142857142857143,0.014285714285714285,0.03571428571428571,0.014285714285714285,0.014285714285714285,0.0,0.15,0.5678571428571428,140,1,-2.4311906717793335,1.4831576311373533
Rhodesia,0.1566265060240964,0.1927710843373494,0.4819277108433735,0.060240963855421686,0.0,0.012048192771084338,0.04819277108433735,0.0,0.04819277108433735,0.0,0.04819277108433735,0.18072289156626506,0.0,0.0,0.0,0.1686746987951807,0.012048192771084338,0.0,0.024096385542168676,0.03614457831325301,0.0,0.012048192771084338,0.20481927710843373,0.13253012048192772,0.0,0.0,0.0,0.13253012048192772,0.012048192771084338,0.03614457831325301,0.0,0.0,0.4819277108433735,3.566265060240964,83,2,-0.551532376821877,-1.017334624012988
Russia,0.26390154968094803,0.11531449407474932,0.52461257976299,0.02917046490428441,0.007748404740200547,0.004102096627164996,0.033272561531449404,0.01276207839562443,0.009115770282588878,0.0,0.0054694621695533276,0.09070191431175935,0.012306289881494986,0.00045578851412944393,0.005013673655423883,0.18003646308113036,0.018231540565177756,0.0,0.09480401093892434,0.010483135824977211,0.00045578851412944393,0.27711941659070194,0.12351868732907931,0.04557885141294439,0.005925250683682771,0.0013673655423883319,0.0018231540565177757,0.07110300820419325,0.03509571558796718,0.01959890610756609,0.0009115770282588879,0.03919781221513218,0.45396536007292615,3.6592980856882407,2194,2,-0.043035773399854864,2.039461274121315
Rwanda,0.3710691823899371,0.16981132075471697,0.29559748427672955,0.0,0.0,0.0,0.018867924528301886,0.006289308176100629,0.13836477987421383,0.0,0.0,0.0880503144654088,0.012578616352201259,0.0,0.06289308176100629,0.18238993710691823,0.0,0.0,0.018867924528301886,0.031446540880503145,0.0,0.0440251572327044,0.39622641509433965,0.06918238993710692,0.0,0.0,0.0,0.07547169811320754,0.006289308176100629,0.012578616352201259,0.0,0.0,0.7672955974842768,23.251572327044027,159,0,3.8939620274971483,-1.3787403373231228
Saudi Arabia,0.2560646900269542,0.0215633423180593,0.6361185983827493,0.02425876010781671,0.018867924528301886,0.0026954177897574125,0.016172506738544475,0.0,0.02425876010781671,0.0,0.03234501347708895,0.06199460916442048,0.013477088948787063,0.0026954177897574125,0.013477088948787063,0.03773584905660377,0.0026954177897574125,0.0,0.20485175202156333,0.0,0.0,0.2776280323450135,0.261455525606469,0.04851752021563342,0.0,0.0,0.0026954177897574125,0.0,0.02425876010781671,0.016172506738544475,0.0,0.0673854447439353,0.522911051212938,4.056603773584905,371,2,1.2398406909847772,2.423678862943332
Senegal,0.5338983050847458,0.07627118644067797,0.16101694915254236,0.01694915254237288,0.025423728813559324,0.0,0.059322033898305086,0.00847457627118644,0.11864406779661017,0.0,0.00847457627118644,0.05084745762711865,0.025423728813559324,0.0,0.00847457627118644,0.1440677966101695,0.0,0.0,0.2711864406779661,0.0,0.0,0.06779661016949153,0.23728813559322035,0.01694915254237288,0.0,0.01694915254237288,0.01694915254237288,0.11864406779661017,0.00847457627118644,0.00847457627118644,0.0,0.0,0.711864406779661,4.122881355932203,118,2,2.9864554258328253,-0.14692607579856448
Sierra Leone,0.49504950495049505,0.04950495049504951,0.07920792079207921,0.039603960396039604,0.0,0.009900990099009901,0.2079207920792079,0.019801980198019802,0.09900990099009901,0.0,0.0,0.09900990099009901,0.0,0.0,0.1188118811881188,0.07920792079207921,0.019801980198019802,0.009900990099009901,0.13861386138613863,0.0297029702970297,0.0,0.009900990099009901,0.37623762376237624,0.0297029702970297,0.0,0.0,0.0,0.04950495049504951,0.019801980198019802,0.019801980198019802,0.0,0.0,0.5247524752475248,8.92079207920792,101,0,3.585266954985987,-2.62599165524454
Somalia,0.2831965234186383,0.11685176243360695,0.3949782713664896,0.014485755673587638,0.00748430709802028,0.0031385803959439883,0.08570738773539353,0.0021728633510381457,0.09198454852728151,0.0,0.01158860453887011,0.04490584258812168,0.006277160791887977,0.004104297440849831,0.031385803959439885,0.16610333172380493,0.023901496861419604,0.0043457267020762915,0.3911154031868663,0.023660067600193145,0.0004828585224529213,0.05504587155963303,0.18131337518107193,0.010864316755190728,0.0014485755673587638,0.015692901979719943,0.0,0.008208594881699663,0.017624336069531628,0.0016900048285852245,0.00024142926122646064,0.0453887011105746,0.558184451955577,3.5515451472718493,4142,2,2.3029930775747056,0.24116556852046456
South Africa,0.19196428571428573,0.23759920634920634,0.4538690476190476,0.05654761904761905,0.001488095238095238,0.0,0.001488095238095238,0.00248015873015873,0.054563492063492064,0.0,0.002976190476190476,0.10714285714285714,0.013888888888888888,0.001984126984126984,0.005456349206349206,0.16666666666666666,0.005456349206349206,0.0,0.04017857142857143,0.000992063492063492,0.0,0.20337301587301587,0.25049603174603174,0.009424603174603174,0.00248015873015873,0.000496031746031746,0.000992063492063492,0.09871031746031746,0.003472222222222222,0.03869047619047619,0.04712301587301587,0.000496031746031746,0.435515873015873,2.4536210317460316,2016,2,-0.41290978002455075,1.690197002800541
South Sudan,0.38666666666666666,0.06222222222222222,0.04,0.04888888888888889,0.0,0.0,0.2311111111111111,0.0044444444444444444,0.22666666666666666,0.0,0.0,0.044444444444444446,0.008888888888888889,0.0,0.10222222222222223,0.06666666666666667,0.017777777777777778,0.0,0.24888888888888888,0.07555555555555556,0.0,0.03111111111111111,0.3111111111111111,0.008888888888888889,0.0,0.022222222222222223,0.0044444444444444444,0.04888888888888889,0.0,0.008888888888888889,0.0,0.0044444444444444444,0.6355555555555555,14.646666666666667,225,0,6.141501819820873,-3.689477543073213
Soviet Union,0.34615384615384615,0.08974358974358974,0.4358974358974359,0.038461538461538464,0.05128205128205128,0.0,0.038461538461538464,0.0,0.0,0.0,0.0641025641025641,0.02564102564102564,0.01282051282051282,0.0,0.01282051282051282,0.21794871794871795,0.0,0.0,0.14102564102564102,0.0,0.0,0.10256410256410256,0.20512820512820512,0.0,0.0,0.01282051282051282,0.0,0.19230769230769232,0.0,0.01282051282051282,0.0,0.0,0.32051282051282054,2.1923076923076925,78,2,-0.43690020935664753,0.3325307739110532
Spain,0.09172052939365959,0.18436441982148352,0.5854108956602031,0.08987380732533087,0.0018467220683287165,0.003385657125269314,0.029239766081871343,0.0012311480455524776,0.012927054478301015,0.0,0.014773776546629732,0.3133271775931056,0.009541397353031703,0.0006155740227762388,0.015081563558017852,0.13080947983995075,0.02277623884272084,0.0015389350569405972,0.05909510618651893,0.0012311480455524776,0.0,0.22099107417666974,0.0951061865189289,0.0052323791935980305,0.011695906432748537,0.003385657125269314,0.006155740227762389,0.048938134810710986,0.007694675284702986,0.029855340104647583,0.0021545090797168358,0.0006155740227762388,0.226839027393044,1.1558941212680824,3249,1,-2.5663611020394423,1.39774873724887
Sri Lanka,0.3302448709463931,0.14493712772998016,0.3808735936465917,0.05129053606882859,0.003970880211780278,0.0013236267372600927,0.031105228325612178,0.0029781601588352085,0.05327597617471873,0.0,0.001985440105890139,0.06055592322964924,0.009927200529450696,0.0026472534745201853,0.003970880211780278,0.11383189940436797,0.014228987425545996,0.008603573792190603,0.24354731965585705,0.007941760423560556,0.00033090668431502316,0.15486432825943083,0.19755129053606882,0.021508934480476506,0.004963600264725348,0.01753805426869623,0.0009927200529450694,0.07941760423560557,0.01158173395102581,0.011250827266710787,0.032759761747187296,0.03772336201191264,0.657180675049636,7.713600264725348,3022,2,2.079171349769493,1.3147724184895204
Sudan,0.4250258531540848,0.027921406411582212,0.08376421923474664,0.050672182006204755,0.04653567735263702,0.005170630816959669,0.26059979317476734,0.027921406411582212,0.07238883143743537,0.0,0.010341261633919338,0.04446742502585315,0.007238883143743537,0.004136504653567736,0.11789038262668046,0.057911065149948295,0.005170630816959669,0.005170630816959669,0.07549120992761117,0.023784901758014478,0.0,0.03205791106514995,0.5708376421923474,0.014477766287487074,0.001034126163391934,0.0062047569803516025,0.001034126163391934,0.014477766287487074,0.002068252326783868,0.0062047569803516025,0.0,0.0,0.48293691830403307,5.137021716649431,967,0,3.4274534154497998,-2.9502867152950736
Suriname,0.4393939393939394,0.015151515151515152,0.15151515151515152,0.15151515151515152,0.07575757575757576,0.030303030303030304,0.045454545454545456,0.0,0.09090909090909091,0.0,0.06060606060606061,0.18181818181818182,0.0,0.015151515151515152,0.0,0.045454545454545456,0.015151515151515152,0.045454545454545456,0.24242424242424243,0.0,0.0,0.10606060606060606,0.10606060606060606,0.0,0.015151515151515152,0.0,0.0,0.030303030303030304,0.0,0.13636363636363635,0.0,0.0,0.16666666666666666,0.6212121212121212,66,1,-0.5597097043602244,-3.1664849100509365
Sweden,0.12878787878787878,0.05303030303030303,0.2878787878787879,0.45454545454545453,0.015151515151515152,0.007575757575757576,0.0,0.022727272727272728,0.030303030303030304,0.0,0.022727272727272728,0.07575757575757576,0.022727272727272728,0.007575757575757576,0.09848484848484848,0.09848484848484848,0.007575757575757576,0.0,0.0,0.0,0.0,0.022727272727272728,0.5378787878787878,0.07575757575757576,0.0,0.0,0.007575757575757576,0.015151515151515152,0.007575757575757576,0.0,0.0,0.007575757575757576,0.09848484848484848,0.4696969696969697,132,1,-1.4613367499426497,-1.1554644042975684
Switzerland,0.06306306306306306,0.14414414414414414,0.5765765765765766,0.13513513513513514,0.02702702702702703,0.018018018018018018,0.018018018018018018,0.0,0.018018018018018018,0.0,0.11711711711711711,0.2072072072072072,0.0,0.009009009009009009,0.26126126126126126,0.13513513513513514,0.009009009009009009,0.0,0.018018018018018018,0.0,0.0,0.009009009009009009,0.10810810810810811,0.0,0.0,0.009009009009009009,0.0,0.05405405405405406,0.018018018018018018,0.04504504504504504,0.0,0.0,0.0990990990990991,1.09009009009009,111,1,-3.887520670485554,-2.0061105150745675
Syria,0.09041344843253067,0.04270786006360745,0.6765106769650159,0.008632439800090867,0.0013630168105406633,0.002271694684234439,0.11176737846433439,0.0009086778736937755,0.06542480690595184,0.0,0.003634711494775102,0.04270786006360745,0.02044525215810995,0.0,0.02044525215810995,0.039981826442526125,0.03498409813721036,0.0,0.2685143116765107,0.010904134484325307,0.0009086778736937755,0.030895047705588367,0.4002726033621081,0.034075420263516586,0.00045433893684688776,0.04861426624261699,0.0,0.0186278964107224,0.013630168105406633,0.009541117673784643,0.0013630168105406633,0.1562925942753294,0.615629259427533,10.124261699227624,2201,2,3.469842891840356,2.0668875898477794
Taiwan,0.1,0.2,0.24,0.32,0.04,0.0,0.06,0.02,0.02,0.0,0.06,0.12,0.04,0.0,0.02,0.28,0.0,0.0,0.02,0.0,0.0,0.06,0.08,0.0,0.02,0.0,0.0,0.26,0.0,0.0,0.04,0.0,0.18,2.07,50,1,-3.1240927778083387,-1.003732846921672
Tajikistan,0.22340425531914893,0.30851063829787234,0.31382978723404253,0.005319148936170213,0.010638297872340425,0.005319148936170213,0.09042553191489362,0.010638297872340425,0.031914893617021274,0.0,0.010638297872340425,0.06914893617021277,0.010638297872340425,0.010638297872340425,0.031914893617021274,0.23404255319148937,0.047872340425531915,0.0,0.28191489361702127,0.02127659574468085,0.0,0.10638297872340426,0.07446808510638298,0.015957446808510637,0.005319148936170213,0.005319148936170213,0.0,0.031914893617021274,0.031914893617021274,0.010638297872340425,0.0,0.005319148936170213,0.6223404255319149,4.582446808510638,188,2,0.4095635223399214,0.016069427754210882
Tanzania,0.13559322033898305,0.13559322033898305,0.3728813559322034,0.15254237288135594,0.01694915254237288,0.0,0.13559322033898305,0.03389830508474576,0.01694915254237288,0.0,0.01694915254237288,0.06779661016949153,0.03389830508474576,0.0,0.06779661016949153,0.13559322033898305,0.06779661016949153,0.0,0.01694915254237288,0.0,0.0,0.06779661016949153,0.15254237288135594,0.288135593220339,0.0,0.0,0.0,0.01694915254237288,0.05084745762711865,0.0,0.01694915254237288,0.01694915254237288,0.3220338983050847,3.2203389830508473,59,2,-1.2684549599443198,-0.3991844674149213
Thailand,0.3689269940244219,0.04780462457781242,0.4811639386853728,0.08365809301117173,0.003897116134060795,0.0018186541958950377,0.004936347103143674,0.0012990387113535984,0.006495193556767992,0.0,0.0018186541958950377,0.14705118212522733,0.06027539620680696,0.0010392309690828788,0.004156923876331515,0.12340867757859184,0.006495193556767992,0.0012990387113535984,0.1449727201870616,0.000779423226812159,0.0010392309690828788,0.13587944920758638,0.24785658612626657,0.014289425824889582,0.017926734216679657,0.0018186541958950377,0.0002598077422707197,0.027539620680696285,0.018446349701221096,0.04338789295921019,0.0002598077422707197,0.0,0.4253052740971681,1.7279812938425565,3849,2,-0.042898670567335095,1.9516464788743149
Tunisia,0.3577981651376147,0.07339449541284404,0.3853211009174312,0.06422018348623854,0.009174311926605505,0.009174311926605505,0.05504587155963303,0.0,0.045871559633027525,0.0,0.009174311926605505,0.05504587155963303,0.009174311926605505,0.0,0.03669724770642202,0.03669724770642202,0.0,0.0,0.45871559633027525,0.0,0.0,0.1651376146788991,0.09174311926605505,0.06422018348623854,0.0,0.01834862385321101,0.03669724770642202,0.0,0.009174311926605505,0.009174311926605505,0.0,0.07339449541284404,0.5504587155963303,5.206422018348624,109,2,2.4261716105264557,0.991091098635796
Turkey,0.30032618825722274,0.10181733457595527,0.4559645852749301,0.06500465983224604,0.0030288909599254427,0.0030288909599254427,0.03681267474370923,0.002329916123019571,0.03168685927306617,0.0,0.008853681267474371,0.14818266542404473,0.03774464119291705,0.0011649580615097856,0.02050326188257223,0.10740913327120223,0.016309412861136997,0.0009319664492078285,0.22483690587138863,0.002096924510717614,0.0009319664492078285,0.16425908667287978,0.1554054054054054,0.008620689655172414,0.0025629077353215286,0.010251630941286114,0.0039608574091332715,0.035181733457595524,0.02353215284249767,0.015843429636533086,0.011416589002795898,0.017707362534948742,0.45503261882572227,2.7580382106244175,4292,2,0.3540282444417263,1.8277186651135953
Uganda,0.4035532994923858,0.12690355329949238,0.18781725888324874,0.03807106598984772,0.0025380710659898475,0.0,0.10913705583756345,0.01015228426395939,0.1218274111675127,0.0,0.005076142131979695,0.12944162436548223,0.027918781725888325,0.0,0.030456852791878174,0.10152284263959391,0.005076142131979695,0.0,0.06091370558375635,0.017766497461928935,0.0,0.06598984771573604,0.38578680203045684,0.07360406091370558,0.0025380710659898475,0.0,0.005076142131979695,0.06852791878172589,0.005076142131979695,0.012690355329949238,0.0025380710659898475,0.005076142131979695,0.6928934010152284,9.23223350253807,394,0,2.98054364452938,-0.9932061528965049
Ukraine,0.2363955529549444,0.025746050321825628,0.553540081919251,0.06319485078993564,0.0005851375073142189,0.0052662375658279695,0.07080163838502047,0.004681100058513751,0.03978935049736688,0.0,0.002925687536571094,0.05500292568753657,0.008777062609713282,0.004095962551199532,0.01579871269748391,0.0590988882387361,0.026916325336454067,0.0,0.5014628437682855,0.004681100058513751,0.0017554125219426564,0.032767700409596257,0.1895845523698069,0.010532475131655939,0.0011702750146284377,0.006436512580456407,0.0005851375073142189,0.04154476301930954,0.014043300175541252,0.021064950263311878,0.0017554125219426564,0.0017554125219426564,0.23405500292568754,2.154183733177297,1709,2,1.0629459993803656,1.184704353986055
United Kingdom,0.1279847182425979,0.3153772683858644,0.3996179560649475,0.12454632282712512,0.003629417382999045,0.0026743075453677175,0.010124164278892072,0.008787010506208214,0.00725883476599809,0.00019102196752626553,0.0055396370582617,0.17020057306590258,0.0055396370582617,0.00038204393505253105,0.006876790830945559,0.06246418338108883,0.0032473734479465137,0.0009551098376313276,0.16332378223495703,0.0017191977077363897,0.0005730659025787965,0.15167144221585482,0.3151862464183381,0.017574021012416428,0.0015281757402101242,0.035912129894937916,0.0017191977077363897,0.022922636103151862,0.030181470869149952,0.0015281757402101242,0.0007640878701050621,0.0013371537726838587,0.4408787010506208,1.234574976122254,5235,2,-0.35827608686867146,2.2007393200911975
United States,0.1001410437235543,0.04689703808180536,0.4876586741889986,0.304654442877292,0.005994358251057828,0.021861777150916785,0.007404795486600846,0.02150916784203103,0.0038787023977433005,0.08921015514809591,0.01904090267983075,0.27538787023977435,0.05959097320169252,0.002468265162200282,0.05218617771509168,0.11530324400564175,0.02150916784203103,0.002468265162200282,0.06629055007052186,0.009873060648801129,0.0007052186177715092,0.059943582510578276,0.12094499294781383,0.05218617771509168,0.003526093088857546,0.0028208744710860366,0.003526093088857546,0.005994358251057828,0.0038787023977433005,0.031029619181946404,0.0021156558533145277,0.004936530324400564,0.09978843441466854,4.979548660084626,2836,1,-3.4772739401536072,-1.012944214251303
Uruguay,0.17073170731707318,0.18292682926829268,0.2682926829268293,0.18292682926829268,0.0,0.012195121951219513,0.13414634146341464,0.0,0.04878048780487805,0.0,0.012195121951219513,0.2804878048780488,0.06097560975609756,0.0,0.0975609756097561,0.18292682926829268,0.08536585365853659,0.0,0.07317073170731707,0.0,0.0,0.036585365853658534,0.14634146341463414,0.0,0.012195121951219513,0.0,0.0,0.012195121951219513,0.0,0.0,0.0,0.0,0.06097560975609756,0.10975609756097561,82,1,-2.5812791558643475,-1.121997724105921
Venezuela,0.22866894197952217,0.06484641638225255,0.3378839590443686,0.07167235494880546,0.030716723549488054,0.020477815699658702,0.18088737201365188,0.0034129692832764505,0.06143344709897611,0.0,0.030716723549488054,0.18088737201365188,0.017064846416382253,0.006825938566552901,0.07167235494880546,0.13310580204778158,0.027303754266211604,0.0,0.13993174061433447,0.0,0.0,0.08873720136518772,0.15017064846416384,0.020477815699658702,0.0034129692832764505,0.0034129692832764505,0.0,0.08532423208191127,0.020477815699658702,0.020477815699658702,0.0,0.0,0.19795221843003413,1.1962457337883958,293,1,-0.6880046982526841,-1.2584478220490556
West Bank and Gaza Strip,0.3991917377638078,0.14907947911989222,0.29321957790749886,0.06061966771441401,0.000449034575662326,0.001347103726986978,0.03592276605298608,0.04580152671755725,0.014369106421194431,0.0,0.000449034575662326,0.03771890435563539,0.014369106421194431,0.000449034575662326,0.009878760664571173,0.05029187247418051,0.00898069151324652,0.000449034575662326,0.27885047148630443,0.00224517287831163,0.000449034575662326,0.08756174225415357,0.37584193982936687,0.02334979793444095,0.0,0.012123933542882801,0.00449034575662326,0.040862146385271664,0.032330489447687474,0.00224517287831163,0.01706331387516839,0.029636281993713515,0.40368208352043106,1.3502469690166143,2227,2,1.552314893637887,1.4272365368587823
West Germany (FRG),0.08502772643253234,0.08133086876155268,0.5268022181146026,0.2680221811460259,0.0073937153419593345,0.0036968576709796672,0.011090573012939002,0.005545286506469501,0.011090573012939002,0.005545286506469501,0.038817005545286505,0.25508317929759705,0.018484288354898338,0.0018484288354898336,0.09426987060998152,0.11829944547134935,0.02033271719038817,0.0036968576709796672,0.20147874306839186,0.005545286506469501,0.0,0.07208872458410351,0.06284658040665435,0.005545286506469501,0.0073937153419593345,0.0036968576709796672,0.0073937153419593345,0.04436229205175601,0.0036968576709796672,0.029574861367837338,0.0,0.0,0.08502772643253234,0.9759704251386322,541,1,-2.933897897181451,-0.23227635772392832
Yemen,0.20107559008066925,0.12966835972512697,0.4099193307439498,0.02957872721840454,0.004780400358530027,0.004182850313713774,0.1141320585599044,0.0011951000896325067,0.10546758291006872,0.0,0.0044816253361219,0.03734687780101584,0.0134448760083657,0.0,0.0179265013444876,0.12936958470271887,0.02449955183746639,0.0032865252464893933,0.30504929787869733,0.008365700627427548,0.00029877502240812666,0.07439498057962354,0.1903196892739767,0.023603226770242007,0.0005975500448162533,0.047206453540484014,0.00806692560501942,0.002987750224081267,0.02599342694950702,0.049297878697340904,0.03346280250971019,0.06573050492978787,0.4873020615476546,4.0155363011652225,3347,2,2.201281609969851,1.263947864438978
Yugoslavia,0.45320197044334976,0.10344827586206896,0.3497536945812808,0.024630541871921183,0.0049261083743842365,0.0,0.024630541871921183,0.0,0.03940886699507389,0.0,0.0049261083743842365,0.09359605911330049,0.0049261083743842365,0.0049261083743842365,0.034482758620689655,0.12807881773399016,0.019704433497536946,0.0,0.059113300492610835,0.0,0.0049261083743842365,0.3842364532019704,0.17733990147783252,0.029556650246305417,0.0,0.0049261083743842365,0.0,0.029556650246305417,0.014778325123152709,0.0049261083743842365,0.0,0.0,0.2955665024630542,1.2783251231527093,203,2,0.3774492787516479,2.2032265045590402
Zaire,0.28,0.14,0.22,0.04,0.0,0.0,0.06,0.0,0.26,0.0,0.04,0.12,0.0,0.0,0.12,0.14,0.08,0.0,0.02,0.06,0.0,0.02,0.18,0.14,0.04,0.0,0.02,0.02,0.0,0.0,0.0,0.0,0.56,8.59,50,0,1.878807860647175,-4.585766263924264
Zambia,0.3064516129032258,0.11290322580645161,0.4838709677419355,0.03225806451612903,0.0,0.03225806451612903,0.03225806451612903,0.0,0.0,0.0,0.0,0.08064516129032258,0.0,0.03225806451612903,0.04838709677419355,0.1935483870967742,0.03225806451612903,0.0,0.0,0.016129032258064516,0.0,0.0,0.3709677419354839,0.0,0.0,0.0,0.0,0.0967741935483871,0.0,0.0,0.12903225806451613,0.0,0.4032258064516129,1.6290322580645162,62,2,-0.43527157437206926,-0.8482092338551246
Zimbabwe,0.21782178217821782,0.25742574257425743,0.33663366336633666,0.0594059405940594,0.0,0.019801980198019802,0.039603960396039604,0.019801980198019802,0.04950495049504951,0.0,0.0,0.12871287128712872,0.0,0.009900990099009901,0.0,0.19801980198019803,0.04950495049504951,0.0,0.04950495049504951,0.0,0.0,0.04950495049504951,0.25742574257425743,0.04950495049504951,0.0,0.0,0.0297029702970297,0.0297029702970297,0.0,0.039603960396039604,0.10891089108910891,0.0,0.49504950495049505,2.623762376237624,101,2,-0.7251496260533085,-0.6087014036175131
