country,incidents,deaths,mean_severity,recent,recency,frequency_n,lethality_n,intensity_n,recency_n,pressure_index
Iraq,24636,78589.0,5.923607728527358,21529.0,0.8738837473615847,1.0,1.0,0.07313095961144886,0.8738837473615847,0.842052206045955
Afghanistan,12731,39384.0,4.832495483465556,11575.0,0.9091980205796873,0.929913912569731,0.9387101270917698,0.059660438067476,0.9091980205796873,0.798907371952498
Pakistan,14368,23822.0,3.1208936525612474,11806.0,0.8216870824053452,0.942755661065228,0.894109919143048,0.03852955126618824,0.8216870824053452,0.7743677352197356
Nigeria,3907,22682.0,7.115817762989506,3687.0,0.9436908113642181,0.8045173049455973,0.8897596923464541,0.08784960201221613,0.9436908113642181,0.7434658916886402
India,11960,19341.0,2.828678929765886,7554.0,0.6316053511705686,0.92328177565622,0.8756240596663468,0.034921962095875135,0.6316053511705686,0.7319790251523586
Somalia,4142,10273.0,3.5515451472718493,3782.0,0.9130854659584742,0.810717040854211,0.8194971540927106,0.04384623638607221,0.9130854659584742,0.7136757179211796
Syria,2201,15229.0,10.124261699227624,2053.0,0.9327578373466606,0.7436118610193357,0.8544200376809943,0.12499088517564969,0.9327578373466606,0.7124330640903791
Yemen,3347,8776.0,4.0155363011652225,3190.0,0.9530923214819241,0.7880967802757666,0.8055260955393359,0.04957452223660769,0.9530923214819241,0.7072965673298871
Philippines,6908,9559.0,2.3512594093804284,4403.0,0.6373769542559351,0.8650128774449274,0.8131070985019978,0.02902789394296825,0.6373769542559351,0.6898980077584058
Libya,2249,2598.0,1.8910626945309026,2234.0,0.9933303690529124,0.7459013295636691,0.6975587485196979,0.02334645301890003,0.9933303690529124,0.6601296796921488
Thailand,3849,2742.0,1.7279812938425565,2893.0,0.751623798389192,0.8029297890586371,0.7023427671074809,0.021333102393117982,0.751623798389192,0.6478182808730457
Egypt,2479,3869.0,2.5332795482049213,1994.0,0.8043565954013715,0.756234678826479,0.7328788124328641,0.03127505615067804,0.8043565954013715,0.6477022629932582
Ukraine,1709,2261.0,2.154183733177297,1677.0,0.981275599765945,0.7167643725188714,0.6852381859645869,0.026594860903423417,0.981275599765945,0.6434577738973299
Colombia,8306,14698.0,2.391283409583434,1359.0,0.1636166626535035,0.8845772061133929,0.8512717318387635,0.029522017402264615,0.1636166626535035,0.6381832040053514
Democratic Republic of the Congo,775,4069.0,6.133548387096774,720.0,0.9290322580645162,0.6328798747131882,0.7373490478443101,0.07572281959378734,0.9290322580645162,0.6250699258873138
Turkey,4292,6888.0,2.7580382106244175,1585.0,0.3692917054986021,0.8144930430111782,0.7840384507111987,0.034049854452153305,0.3692917054986021,0.6215099864104442
Sudan,967,3883.0,5.137021716649431,804.0,0.8314374353671148,0.6563518900448391,0.7331991676022612,0.06342002119320285,0.8314374353671148,0.6167291247826616
Russia,2194,4308.0,3.6592980856882407,1213.0,0.5528714676390155,0.7432738166459792,0.7424114023932693,0.04517651957639803,0.5528714676390155,0.6097401454586846
Peru,6096,12771.0,2.429461942257218,54.0,0.008858267716535433,0.8517386493451949,0.8388050717429044,0.029993357311817504,0.008858267716535433,0.5981647250152022
Sri Lanka,3022,15530.0,7.713600264725348,227.0,0.07511581733951025,0.7772553977529439,0.8561562743848199,0.09522963289784381,0.07511581733951025,0.5933008589522267
El Salvador,5320,12053.0,2.7413533834586468,0.0,0.0,0.8372851350360399,0.8336721120989692,0.03384386893158823,0.0,0.590092267983845
Algeria,2743,11066.0,5.702150929639081,445.0,0.16223113379511483,0.7669746385232795,0.826093257439685,0.0703969250572726,0.16223113379511483,0.5895120414690753
Kenya,683,1948.0,7.437042459736457,574.0,0.8404099560761347,0.6194817950759832,0.6720255386479803,0.09181533900909206,0.8404099560761347,0.5892341738875715
South Sudan,225,2634.0,14.646666666666667,225.0,1.0,0.5019067153891192,0.6987791554258873,0.1808230452674897,1.0,0.5875198895735373
Cameroon,332,2347.0,8.670180722891565,312.0,0.9397590361445783,0.5430589986334713,0.6885485590234797,0.10703926818384649,0.9397590361445783,0.5808079128096961
Mali,566,1432.0,3.7279151943462896,527.0,0.931095406360424,0.5995644521960972,0.6447414472118617,0.04602364437464555,0.931095406360424,0.5798160726522579
United Kingdom,5235,3410.0,1.234574976122254,802.0,0.15319961795606496,0.8355754364227124,0.7216785811984775,0.015241666371879679,0.15319961795606496,0.57599994157782
Central African Republic,283,1990.0,8.696113074204947,270.0,0.9540636042402827,0.5261601069985172,0.6739170046736292,0.10735942066919688,0.9540636042402827,0.5718525979379175
Nepal,1215,1969.0,2.505761316872428,738.0,0.6074074074074074,0.6805682003372877,0.6729763124652269,0.030935324899659604,0.6074074074074074,0.5698715837205431
Bangladesh,1648,1244.0,3.2503033980582523,966.0,0.5861650485436893,0.7129078191069514,0.6322649903164499,0.04012720244516361,0.5861650485436893,0.5687864623860435
Lebanon,2478,4061.0,3.8389830508474576,535.0,0.2158999192897498,0.7561918597133491,0.737174497068847,0.047394852479598244,0.2158999192897498,0.5631233087713959
Israel,2183,1703.0,2.6000916170407695,770.0,0.3527256069628951,0.7427404198240134,0.6601076895377128,0.03209989650667617,0.3527256069628951,0.5528523003113549
United States,2836,3771.0,4.979548660084626,292.0,0.10296191819464035,0.7705133316234235,0.7306033384394894,0.06147590938376082,0.10296191819464035,0.5520520083179764
Nicaragua,1970,10598.0,5.819035532994924,2.0,0.0010152284263959391,0.7318455708501451,0.8222600378496061,0.07183994485178918,0.0010152284263959391,0.5503445156866676
West Bank and Gaza Strip,2227,1500.0,1.3502469690166143,810.0,0.36371800628648404,0.7448581144841457,0.6488544178345359,0.01666971566687178,0.36371800628648404,0.5496577294370225
Burundi,613,4205.0,8.861337683523654,261.0,0.4257748776508972,0.6080193656098194,0.740265041330196,0.10939923066078586,0.4257748776508972,0.545563374889739
Saudi Arabia,371,672.0,4.056603773584905,312.0,0.8409703504043127,0.5548174698248944,0.577692111214927,0.05008152806894945,0.8409703504043127,0.5288924030654252
Guatemala,2050,5167.0,2.8207317073170732,7.0,0.0034146341463414634,0.7360696979291704,0.7585380801769175,0.034823848238482384,0.0034146341463414634,0.527725075582467
Myanmar,546,1280.0,3.837912087912088,323.0,0.5915750915750916,0.5957518346471387,0.6347938666157465,0.04738163071496405,0.5915750915750916,0.5245824021870877
South Africa,2016,2674.0,2.4536210317460316,99.0,0.049107142857142856,0.7342949370136344,0.7001157592847412,0.030291617675876934,0.049107142857142856,0.5156625166708291
Spain,3249,1288.0,1.1558941212680824,79.0,0.024315173899661435,0.7849426656328886,0.6353461821927446,0.014270297793433117,0.024315173899661435,0.510368741664943
Mozambique,363,2711.0,9.559228650137742,139.0,0.38292011019283745,0.5525093356705332,0.701334441864792,0.11801516852021904,0.38292011019283745,0.5065443586346093
Niger,154,1474.0,11.103896103896103,107.0,0.6948051948051948,0.4618689631143024,0.6473042436634392,0.1370851370851371,0.6948051948051948,0.5037224081283025
Indonesia,761,1238.0,3.233245729303548,238.0,0.31274638633377133,0.6309469476525404,0.6318364126568117,0.03991661394201911,0.31274638633377133,0.49482915289942825
France,2693,534.0,0.6654288897140735,235.0,0.08726327515781657,0.7650222114989309,0.5573338262643159,0.008215171477951526,0.08726327515781657,0.48753079947423233
Greece,1275,325.0,0.5423529411764706,435.0,0.3411764705882353,0.6856817081591394,0.5133869333628037,0.006695715323166303,0.3411764705882353,0.48046959115920707
Uganda,394,3065.0,9.23223350253807,63.0,0.1598984771573604,0.5611868103503364,0.7122187049200941,0.1139781913893589,0.1598984771573604,0.4792218358981707
Iran,684,1673.0,5.391081871345029,105.0,0.15350877192982457,0.619636901005055,0.6585318860650845,0.06655656631290159,0.15350877192982457,0.4784241269579563
Chad,91,1119.0,21.532967032967033,51.0,0.5604395604395604,0.4064868171188182,0.6228782934557353,0.2658390991724325,0.5604395604395604,0.4734000138260468
Ethiopia,190,1765.0,12.48421052631579,72.0,0.37894736842105264,0.48404238612766154,0.6632782603846569,0.15412605588044184,0.37894736842105264,0.4725614462116859
China,252,1008.0,7.654761904761905,113.0,0.44841269841269843,0.5138884753571052,0.6136191605328145,0.09450323339212229,0.44841269841269843,0.4710785280734095
Rwanda,159,3236.0,23.251572327044027,27.0,0.16981132075471697,0.4652397220831088,0.7170335732422876,0.28705644848202505,0.16981132075471697,0.4697361261914411
Angola,499,3043.0,8.55811623246493,11.0,0.022044088176352707,0.586213448040841,0.7115798350998473,0.10565575595635715,0.022044088176352707,0.4671143063661971
Tunisia,109,351.0,5.206422018348624,93.0,0.8532110091743119,0.4254585224653077,0.5201944028424926,0.06427681504134103,0.8532110091743119,0.4638649034712188
Italy,1565,420.0,0.6808306709265176,69.0,0.044089456869009586,0.7074247288130282,0.5360746070788159,0.008405316925018736,0.044089456869009586,0.4516664897179603
Chile,2365,228.0,0.25602536997885833,78.0,0.03298097251585624,0.7512385532625809,0.4820548373871238,0.0031608070367760287,0.03298097251585624,0.45053313945406437
Mexico,524,780.0,2.140267175572519,89.0,0.16984732824427481,0.5913934992616535,0.5908956086933602,0.02642305155027801,0.16984732824427481,0.4432666392818524
Argentina,815,490.0,1.0644171779141105,18.0,0.022085889570552148,0.6382161731874643,0.5497200380233933,0.01314095281375445,0.022085889570552148,0.42548650703964974
Ireland,307,117.0,0.43159609120521175,162.0,0.5276872964169381,0.5347732052448165,0.42323320909089124,0.005328346805002614,0.5276872964169381,0.4208315913084851
Bahrain,207,44.0,0.6690821256038647,166.0,0.8019323671497585,0.4930949333042243,0.33770959690127583,0.008260273155603268,0.8019323671497585,0.4200797484378767
Burkina Faso,52,134.0,4.6826923076923075,49.0,0.9423076923076923,0.34793442210943387,0.4351734288417012,0.05781101614434948,0.9423076923076923,0.41974360376409015
Ivory Coast,74,268.0,4.777027027027027,49.0,0.6621621621621622,0.38479623903925647,0.4963370747634411,0.058975642308975645,0.6621621621621622,0.41099028871540555
Georgia,217,278.0,2.184331797235023,81.0,0.37327188940092165,0.4980803557087236,0.4995752226563567,0.02696705922512374,0.37327188940092165,0.4091405513743033
Germany,735,84.0,0.5789115646258504,170.0,0.23129251700680273,0.6272611039029506,0.3941315966503812,0.00714705635340556,0.23129251700680273,0.40490985656032585
Canada,96,365.0,4.5625,44.0,0.4583333333333333,0.4121055879290557,0.5236544949902513,0.05632716049382716,0.4583333333333333,0.3991376577427717
Malaysia,99,152.0,2.0454545454545454,58.0,0.5858585858585859,0.4153394416699087,0.44627732751080657,0.025252525252525252,0.5858585858585859,0.3916856415878721
Paraguay,114,59.0,0.8201754385964912,79.0,0.6929824561403509,0.4301779656336622,0.3632314278974555,0.010125622698722114,0.6929824561403509,0.38650682644856243
Cambodia,259,543.0,3.613899613899614,4.0,0.015444015444015444,0.5167860818190683,0.5588138209714684,0.04461604461604461,0.015444015444015444,0.3833675880280768
Honduras,323,307.0,1.3219814241486068,14.0,0.043343653250773995,0.5401500498297884,0.5083481115313828,0.016320758322822305,0.043343653250773995,0.37751411512736965
Venezuela,293,227.0,1.1962457337883958,36.0,0.12286689419795221,0.5298341756702303,0.48166658555078196,0.014768465849239455,0.12286689419795221,0.3770789499404055
Tanzania,59,73.0,3.2203389830508473,43.0,0.7288135593220338,0.3611050905244125,0.38183686932290467,0.03975727139568947,0.7288135593220338,0.37427872161429493
Senegal,118,325.0,4.122881355932203,29.0,0.2457627118644068,0.43380806247224873,0.5133869333628037,0.0508997698263235,0.2457627118644068,0.3720386772513502
Sierra Leone,101,840.0,8.92079207920792,4.0,0.039603960396039604,0.4174418864033318,0.5974620132191923,0.1101332355457768,0.039603960396039604,0.36867593791836284
Tajikistan,188,307.0,4.582446808510638,15.0,0.0797872340425532,0.4829247969706612,0.5083481115313828,0.05657341738902022,0.0797872340425532,0.36612844996241534
West Germany (FRG),541,97.0,0.9759704251386322,0.0,0.0,0.5947768967626536,0.40675723765589794,0.012049017594304101,0.0,0.36174528264097644
Japan,402,66.0,8.868159203980099,21.0,0.05223880597014925,0.563315603263462,0.3730210002605112,0.10948344696271727,0.05223880597014925,0.3614908793234682
Brazil,273,203.0,1.0366300366300367,16.0,0.05860805860805861,0.5223543235621668,0.4717991585069862,0.012797901686790576,0.05860805860805861,0.36119237102119006
Haiti,213,336.0,2.2816901408450705,1.0,0.004694835680751174,0.49611418860049594,0.5163310027151589,0.028169014084507043,0.004694835680751174,0.35827455371953476
Sweden,132,22.0,0.4696969696969697,79.0,0.5984848484848485,0.4456168869914199,0.27816663300023864,0.005798728020950244,0.5984848484848485,0.3523392811725094
Kosovo,196,83.0,1.3545918367346939,46.0,0.23469387755102042,0.48732625582934935,0.393081697970828,0.016723356009070295,0.23469387755102042,0.3505675967570017
Jordan,113,133.0,2.327433628318584,29.0,0.25663716814159293,0.42925071092250305,0.4345138317288137,0.028733748497760295,0.25663716814159293,0.34486007138354824
Republic of the Congo,36,182.0,5.805555555555555,16.0,0.4444444444444444,0.3097796881825991,0.4621616635219489,0.07167352537722908,0.4444444444444444,0.3399780698028753
Namibia,151,220.0,2.801324503311258,0.0,0.0,0.45979391355315524,0.47890017957621883,0.034584253127299486,0.0,0.33277525726322266
Azerbaijan,49,258.0,7.173469387755102,11.0,0.22448979591836735,0.34174801274186456,0.4929762409483998,0.08856135046611237,0.22448979591836735,0.33154974933893777
Zimbabwe,101,154.0,2.623762376237624,14.0,0.13861386138613863,0.4174418864033318,0.44742949179593133,0.03239212810169906,0.13861386138613863,0.32685650052328785
Yugoslavia,203,119.0,1.2783251231527093,0.0,0.0,0.49103331533137595,0.424724259365758,0.015781791643860607,0.0,0.3261978726888569
Maldives,22,20.0,3.6818181818181817,19.0,0.8636363636363636,0.25930395926272987,0.270096035034223,0.045454545454545456,0.8636363636363636,0.32111403057899524
Bosnia-Herzegovina,159,79.0,0.9685534591194969,17.0,0.1069182389937107,0.4652397220831088,0.3887532588936351,0.01195745011258638,0.1069182389937107,0.3205532198672786
Belgium,154,79.0,2.188311688311688,13.0,0.08441558441558442,0.4618689631143024,0.3887532588936351,0.02701619368286035,0.08441558441558442,0.3180883296285782
Bolivia,314,42.0,0.3980891719745223,4.0,0.012738853503184714,0.5371591481161574,0.3336763840632858,0.00491468113548793,0.012738853503184714,0.31761460466124963
Ecuador,220,54.0,0.425,13.0,0.05909090909090909,0.4995314487699435,0.35551217852140543,0.005246913580246914,0.05909090909090909,0.3161169064650724
Croatia,57,248.0,4.991228070175438,5.0,0.08771929824561403,0.3575057631367199,0.48948305729602465,0.06162009963179554,0.08771929824561403,0.31224813212510677
Australia,114,23.0,0.6973684210526315,41.0,0.35964912280701755,0.4301779656336622,0.2819423263453328,0.008609486679662118,0.35964912280701755,0.31189267558006667
Rhodesia,83,217.0,3.566265060240964,0.0,0.0,0.3968283443758773,0.4776876494982166,0.044027963706678566,0.0,0.30864182715581767
Kazakhstan,27,39.0,1.8333333333333333,17.0,0.6296296296296297,0.2801886891504412,0.3272604274253327,0.022633744855967076,0.6296296296296297,0.3080931100606158
Zaire,50,324.0,8.59,0.0,0.0,0.3438504574752877,0.5131143819871133,0.10604938271604938,0.0,0.30738190499365653
Cyprus,132,45.0,0.4962121212121212,20.0,0.15151515151515152,0.4456168869914199,0.3396594644685411,0.006126075570520015,0.15151515151515152,0.30379077819998096
Morocco,36,292.0,10.88888888888889,2.0,0.05555555555555555,0.3097796881825991,0.5039188021727039,0.13443072702331962,0.05555555555555555,0.3035854583116821
Djibouti,22,274.0,16.136363636363637,3.0,0.13636363636363635,0.25930395926272987,0.4982941115418307,0.19921436588103256,0.13636363636363635,0.3035465175043415
Macedonia,118,49.0,0.6694915254237288,19.0,0.16101694915254236,0.43380806247224873,0.3470566975091529,0.008265327474367022,0.16101694915254236,0.30303257573568176
Guinea,25,213.0,9.66,5.0,0.2,0.2723206465200919,0.4760447247121932,0.11925925925925926,0.2,0.2996305649105836
Switzerland,111,74.0,1.09009009009009,6.0,0.05405405405405406,0.4273715470065295,0.3830276979812757,0.013457902346791235,0.05405405405405406,0.2959837216571213
Papua New Guinea,89,79.0,1.398876404494382,8.0,0.0898876404494382,0.40415331682180444,0.3887532588936351,0.017270079067831876,0.0898876404494382,0.29436096232440284
Mauritania,18,43.0,3.1666666666666665,11.0,0.6111111111111112,0.23901962676902275,0.33571590843758514,0.03909465020576131,0.6111111111111112,0.29385348743641554
Netherlands,130,37.0,0.5076923076923077,16.0,0.12307692307692308,0.44400822001047,0.32270992214205413,0.0062678062678062675,0.12307692307692308,0.2938179740485137
Liberia,34,177.0,5.735294117647059,4.0,0.11764705882352941,0.3038798376652852,0.45970401597237137,0.07080610021786493,0.11764705882352941,0.28773111371403465
Austria,115,30.0,0.808695652173913,16.0,0.1391304347826087,0.43109719206476405,0.3046475587755061,0.00998389694041868,0.1391304347826087,0.28620029421701154
Soviet Union,78,96.0,2.1923076923076925,0.0,0.0,0.3903128039794041,0.40584732811009827,0.02706552706552707,0.0,0.28193914908462014
Finland,20,11.0,1.225,15.0,0.75,0.24964548651978902,0.22044949487703028,0.015123456790123458,0.75,0.28076156158954324
Albania,80,42.0,1.3125,11.0,0.1375,0.3929671919737002,0.3336763840632858,0.016203703703703703,0.1375,0.2803453475640214
Kuwait,76,63.0,2.8026315789473686,4.0,0.05263157894736842,0.3875903473887284,0.36895698880981487,0.03460038986354776,0.05263157894736842,0.2788080309200733
Panama,127,38.0,0.6259842519685039,2.0,0.015748031496062992,0.4415485735682649,0.3250143478866882,0.007728200641586468,0.015748031496062992,0.2776451686139599
United Arab Emirates,22,123.0,6.204545454545454,5.0,0.22727272727272727,0.25930395926272987,0.4276332217121111,0.0765993265993266,0.22727272727272727,0.2775923582995333
Portugal,140,32.0,0.5678571428571428,2.0,0.014285714285714285,0.4518183570001332,0.3101940774414055,0.0070105820105820105,0.014285714285714285,0.2769800104769194
Taiwan,50,60.0,2.07,6.0,0.12,0.3438504574752877,0.3646978315815235,0.025555555555555554,0.12,0.2687828657979055
Bulgaria,52,28.0,0.8846153846153846,13.0,0.25,0.34793442210943387,0.2987310066095962,0.010921177587844255,0.25,0.26793124746482905
Zambia,62,70.0,1.6290322580645162,2.0,0.03225806451612903,0.3662851417452251,0.3781653631923801,0.020111509358821188,0.03225806451612903,0.2678191017370466
Serbia,12,3.0,0.625,12.0,1.0,0.19872921759204776,0.12298566293660497,0.007716049382716049,1.0,0.267544793325208
South Vietnam,1,81.0,81.0,0.0,0.0,0.0,0.39094387397094843,1.0,0.0,0.2672831621912845
Norway,19,79.0,6.473684210526316,5.0,0.2631578947368421,0.2444654352989764,0.3887532588936351,0.07992202729044834,0.2631578947368421,0.2658741400917746
Eritrea,10,46.0,7.7,5.0,0.5,0.18099308716633125,0.34156739613192477,0.09506172839506173,0.5,0.26412671296536916
Dominican Republic,90,34.0,1.0666666666666667,3.0,0.03333333333333333,0.4053264778144448,0.3154141361142229,0.01316872427983539,0.03333333333333333,0.2637301406020201
Czech Republic,32,6.0,0.640625,19.0,0.59375,0.29763274239176735,0.1726322030937977,0.007908950617283951,0.59375,0.26109160047743885
Togo,48,76.0,1.9375,0.0,0.0,0.33960309151675,0.3853624485947779,0.023919753086419752,0.0,0.25503793414809633
Belarus,13,14.0,9.23076923076923,7.0,0.5384615384615384,0.20659726022239705,0.24024576496085054,0.11396011396011395,0.5384615384615384,0.25257588144046184
Madagascar,27,31.0,4.574074074074074,7.0,0.25925925925925924,0.2801886891504412,0.3074641573415124,0.0564700502972108,0.25925925925925924,0.2516741192961007
Uzbekistan,21,68.0,8.0,3.0,0.14285714285714285,0.2545845160943754,0.37563046494066393,0.09876543209876543,0.14285714285714285,0.25076633216333555
Laos,27,27.0,2.3518518518518516,8.0,0.2962962962962963,0.2801886891504412,0.2956178660304027,0.029035208047553725,0.2962962962962963,0.24956056112087477
Armenia,24,37.0,3.0208333333333335,6.0,0.25,0.2681565838138204,0.32270992214205413,0.037294238683127576,0.25,0.24716974597061356
Kyrgyzstan,35,10.0,0.6571428571428571,13.0,0.37142857142857144,0.3068707393789163,0.21273024550098021,0.008112874779541446,0.37142857142857144,0.24349858633307753
Bhutan,6,9.0,1.9166666666666667,5.0,0.8333333333333334,0.13300583129435295,0.20427476448872772,0.023662551440329218,0.8333333333333334,0.24303414458040887
Suriname,66,29.0,0.6212121212121212,0.0,0.0,0.3728207426027058,0.301738596429153,0.007669285447063225,0.0,0.2408002687868877
Jamaica,36,42.0,1.6666666666666667,3.0,0.08333333333333333,0.3097796881825991,0.3336763840632858,0.0205761316872428,0.08333333333333333,0.23960121024511183
Guyana,26,41.0,2.0384615384615383,4.0,0.15384615384615385,0.2763275367482641,0.3315888665025255,0.0251661918328585,0.15384615384615385,0.23685952650191516
Lesotho,29,46.0,2.1724137931034484,2.0,0.06896551724137931,0.2875136615963684,0.34156739613192477,0.02681992337164751,0.06896551724137931,0.2318434995700788
Costa Rica,67,17.0,0.5373134328358209,0.0,0.0,0.37439366010593994,0.25642049534915307,0.006633499170812604,0.0,0.22767863752274378
New Caledonia,31,35.0,1.5,0.0,0.0,0.29436571571217657,0.3179133268174556,0.018518518518518517,0.0,0.2158980621078851
Uruguay,82,6.0,0.10975609756097561,1.0,0.012195121951219513,0.3955568322974021,0.1726322030937977,0.0013550135501355014,0.012195121951219513,0.2120449141723034
Denmark,41,5.0,0.47560975609756095,8.0,0.1951219512195122,0.3232369154478332,0.1589566634087278,0.005871725383920506,0.1951219512195122,0.20713081669226652
Hungary,46,6.0,0.31521739130434784,6.0,0.13043478260869565,0.33517870177469705,0.1726322030937977,0.0038915727321524422,0.13043478260869565,0.20601009493914532
Poland,39,9.0,0.6282051282051282,4.0,0.10256410256410256,0.31805686422702056,0.20427476448872772,0.007755618866729977,0.10256410256410256,0.20505313325205143
Guadeloupe,56,8.0,0.5446428571428571,0.0,0.0,0.3556592819944589,0.19492766388085064,0.006723985890652557,0.0,0.20175060984563667
South Korea,38,10.0,2.026315789473684,2.0,0.05263157894736842,0.3153688728174838,0.21273024550098021,0.025016244314489927,0.05263157894736842,0.20161379626656634
Moldova,21,13.0,2.7142857142857144,3.0,0.14285714285714285,0.2545845160943754,0.23412503456210018,0.03350970017636684,0.14285714285714285,0.19852634326140667
Ghana,19,19.0,1.3421052631578947,2.0,0.10526315789473684,0.2444654352989764,0.2657675959570302,0.016569200779727095,0.10526315789473684,0.1957913067078692
Barbados,3,76.0,25.833333333333332,0.0,0.0,0.07359142892804414,0.3853624485947779,0.31893004115226337,0.0,0.19288481232249052
Gabon,8,6.0,0.9375,4.0,0.5,0.15968788152282803,0.1726322030937977,0.011574074074074073,0.5,0.19240092464838165
Trinidad and Tobago,22,6.0,1.0681818181818181,5.0,0.22727272727272727,0.25930395926272987,0.1726322030937977,0.01318742985409652,0.22727272727272727,0.19158026820225482
Malta,23,5.0,0.4782608695652174,5.0,0.21739130434782608,0.2638225130815244,0.1589566634087278,0.005904455179817499,0.21739130434782608,0.18671036818437464
Guinea-Bissau,9,17.0,3.388888888888889,2.0,0.2222222222222222,0.17087400637093228,0.25642049534915307,0.04183813443072702,0.2222222222222222,0.18488480465106122
Malawi,5,33.0,6.6,1.0,0.2,0.11663965522543608,0.31284249509825846,0.08148148148148147,0.2,0.1827308328418742
Cuba,30,8.0,0.43333333333333335,0.0,0.0,0.2909949567433701,0.19492766388085064,0.005349794238683128,0.0,0.17567875099740574
Swaziland,16,6.0,0.46875,3.0,0.1875,0.2272108022498516,0.1726322030937977,0.005787037037037037,0.1875,0.17166703738363548
New Zealand,20,1.0,0.1,7.0,0.35,0.24964548651978902,0.061492831468302485,0.0012345679012345679,0.35,0.17099122923359156
Czechoslovakia,10,27.0,3.85,0.0,0.0,0.18099308716633125,0.2956178660304027,0.047530864197530866,0.0,0.16821222430528293
Hong Kong,26,4.0,2.1153846153846154,1.0,0.038461538461538464,0.2763275367482641,0.14278193302042522,0.026115859449192782,0.038461538461538464,0.16305220429204292
Slovak Republic,18,7.0,0.6944444444444444,1.0,0.05555555555555555,0.23901962676902275,0.18447849440490743,0.008573388203017833,0.05555555555555555,0.16057074059286733
Estonia,16,3.0,0.53125,3.0,0.1875,0.2272108022498516,0.12298566293660497,0.006558641975308642,0.1875,0.15688881607721844
East Germany (GDR),38,2.0,0.5394736842105263,0.0,0.0,0.3153688728174838,0.09746383194042532,0.006660168940870696,0.0,0.15638572405025172
Montenegro,5,1.0,0.2,3.0,0.6,0.11663965522543608,0.061492831468302485,0.0024691358024691358,0.6,0.15547408190103557
Fiji,17,8.0,1.0,0.0,0.0,0.23327931045087216,0.19492766388085064,0.012345679012345678,0.0,0.15364187519645592
East Timor,10,9.0,1.25,1.0,0.1,0.18099308716633125,0.20427476448872772,0.015432098765432098,0.1,0.15099447902796564
Botswana,10,11.0,1.65,0.0,0.0,0.18099308716633125,0.22044949487703028,0.02037037037037037,0.0,0.14158763888519713
Macau,33,1.0,0.7272727272727273,0.0,0.0,0.3008022311778958,0.061492831468302485,0.008978675645342313,0.0,0.1401155432584504
Qatar,7,7.0,1.9285714285714286,1.0,0.14285714285714285,0.14718285785608826,0.18447849440490743,0.023809523809523808,0.14285714285714285,0.13921669146390753
Latvia,17,2.0,1.1764705882352942,1.0,0.058823529411764705,0.23327931045087216,0.09746383194042532,0.014524328249818447,0.058823529411764705,0.13355305241171395
Turkmenistan,2,3.0,2.25,1.0,0.5,0.04304822629739195,0.12298566293660497,0.027777777777777776,0.5,0.13328165606660491
Vietnam,12,1.0,1.2083333333333333,2.0,0.16666666666666666,0.19872921759204776,0.061492831468302485,0.014917695473251029,0.16666666666666666,0.1251771907982975
Equatorial Guinea,2,2.0,1.75,1.0,0.5,0.04304822629739195,0.09746383194042532,0.021604938271604937,0.5,0.12469918084182512
Romania,6,4.0,1.4166666666666667,1.0,0.16666666666666666,0.13300583129435295,0.14278193302042522,0.01748971193415638,0.16666666666666666,0.1236603692139922
Belize,8,3.0,0.375,1.0,0.125,0.15968788152282803,0.12298566293660497,0.004629629629629629,0.125,0.12021529593455715
People's Republic of the Congo,4,15.0,3.75,0.0,0.0,0.09728257744288812,0.24597132587320994,0.046296296296296294,0.0,0.11964887318356268
Grenada,5,9.0,3.9,0.0,0.0,0.11663965522543608,0.20427476448872772,0.04814814814814815,0.0,0.11516051365901499
Serbia-Montenegro,11,3.0,0.5,0.0,0.0,0.19023108415348022,0.12298566293660497,0.006172839506172839,0.0,0.11391405846829951
Iceland,4,0.0,0.0,2.0,0.5,0.09728257744288812,0.0,0.0,0.5,0.11391303097715524
Gambia,3,13.0,4.666666666666667,0.0,0.0,0.07359142892804414,0.23412503456210018,0.05761316872427984,0.0,0.10831605724848967
Singapore,7,5.0,0.9285714285714286,0.0,0.0,0.14718285785608826,0.1589566634087278,0.011463844797178132,0.0,0.10827971888463035
Bahamas,5,1.0,0.2,1.0,0.2,0.11663965522543608,0.061492831468302485,0.0024691358024691358,0.2,0.09547408190103555
Luxembourg,16,0.0,0.1875,0.0,0.0,0.2272108022498516,0.0,0.0023148148148148147,0.0,0.09123154312216286
North Yemen,6,3.0,0.5833333333333334,0.0,0.0,0.13300583129435295,0.12298566293660497,0.00720164609053498,0.0,0.09117827831230291
Solomon Islands,4,4.0,1.0,0.0,0.0,0.09728257744288812,0.14278193302042522,0.012345679012345678,0.0,0.08359946273513467
Lithuania,8,1.0,0.25,0.0,0.0,0.15968788152282803,0.061492831468302485,0.0030864197530864196,0.0,0.08278596501258492
Martinique,12,0.0,0.041666666666666664,0.0,0.0,0.19872921759204776,0.0,0.0005144032921810699,0.0,0.07956884753064628
French Guiana,7,1.0,1.0714285714285714,0.0,0.0,0.14718285785608826,0.061492831468302485,0.013227513227513227,0.0,0.07930511956705302
Slovenia,6,1.0,0.3333333333333333,0.0,0.0,0.13300583129435295,0.061492831468302485,0.004115226337448559,0.0,0.07226746590884921
Dominica,3,3.0,2.6666666666666665,0.0,0.0,0.07359142892804414,0.12298566293660497,0.03292181069958847,0.0,0.07127054205713741
Western Sahara,5,1.0,0.6,0.0,0.0,0.11663965522543608,0.061492831468302485,0.007407407407407407,0.0,0.06621482264177629
Comoros,5,1.0,0.4,0.0,0.0,0.11663965522543608,0.061492831468302485,0.0049382716049382715,0.0,0.06584445227140592
Benin,8,0.0,0.5,0.0,0.0,0.15968788152282803,0.0,0.006172839506172839,0.0,0.06480107853505715
Brunei,6,0.0,0.08333333333333333,0.0,0.0,0.13300583129435295,0.0,0.0010288065843621398,0.0,0.0533566535053955
North Korea,1,3.0,5.0,0.0,0.0,0.0,0.12298566293660497,0.06172839506172839,0.0,0.046154958140240746
St. Lucia,1,2.0,8.0,0.0,0.0,0.0,0.09746383194042532,0.09876543209876543,0.0,0.04405396439694241
French Polynesia,3,0.0,2.1666666666666665,0.0,0.0,0.07359142892804414,0.0,0.026748971193415638,0.0,0.033448917250230005
International,1,1.0,7.0,0.0,0.0,0.0,0.061492831468302485,0.08641975308641975,0.0,0.031410812403453704
St. Kitts and Nevis,2,0.0,2.25,0.0,0.0,0.04304822629739195,0.0,0.027777777777777776,0.0,0.021385957185623448
South Yemen,2,0.0,0.5,0.0,0.0,0.04304822629739195,0.0,0.006172839506172839,0.0,0.01814521644488271
Mauritius,2,0.0,0.25,0.0,0.0,0.04304822629739195,0.0,0.0030864197530864196,0.0,0.017682253481919746
Vanuatu,2,0.0,0.0,0.0,0.0,0.04304822629739195,0.0,0.0,0.0,0.017219290518956782
Seychelles,2,0.0,0.0,0.0,0.0,0.04304822629739195,0.0,0.0,0.0,0.017219290518956782
Vatican City,1,0.0,1.5,0.0,0.0,0.0,0.0,0.018518518518518517,0.0,0.0027777777777777775
Andorra,1,0.0,0.0,0.0,0.0,0.0,0.0,0.0,0.0,0.0
Falkland Islands,1,0.0,0.0,0.0,0.0,0.0,0.0,0.0,0.0,0.0
Antigua and Barbuda,1,0.0,0.0,0.0,0.0,0.0,0.0,0.0,0.0,0.0
New Hebrides,1,0.0,0.0,0.0,0.0,0.0,0.0,0.0,0.0,0.0
Wallis and Futuna,1,0.0,0.0,0.0,0.0,0.0,0.0,0.0,0.0,0.0
